:020000040800F2
:10000000005000205D3A0008813900088939000855
:100010009139000899390008A13900080000000052
:10002000000000000000000000000000A9390008E6
:10003000B539000800000000C1390008CD390008BA
:10004000A53A0008A53A0008A53A0008A53A000814
:10005000A53A0008A53A0008A53A0008A53A000804
:10006000A53A0008A53A0008A53A0008A53A0008F4
:10007000A53A0008A53A0008A53A0008A53A0008E4
:10008000A53A0008A53A0008A53A0008A53A0008D4
:10009000D9390008A53A0008A53A0008ED3900084A
:1000A000A53A0008A53A0008A53A0008A53A0008B4
:1000B000A53A0008FD390008113A0008A53A0008E1
:1000C000A53A0008A53A0008A53A0008253A000814
:1000D000A53A0008A53A0008A53A0008A53A000884
:1000E000393A0008A53A0008A53A000800000000C7
:1000F0000000000000000000000000000000000000
:0C01000000000000000000005FF808F1A3
:1001100010B5054C237833B9044B13B10448AFF341
:1001200000800123237010BD200200200000000089
:1001300020DA000808B5034B1BB103490348AFF3AD
:10014000008008BD000000002402002020DA000822
:1001500081F0004102E000BF83F0004330B54FEA78
:1001600041044FEA430594EA050F08BF90EA020FE5
:100170001FBF54EA000C55EA020C7FEA645C7FEA78
:10018000655C00F0E2804FEA5454D4EB5555B8BF9B
:100190006D420CDD2C4480EA020281EA030382EA0C
:1001A000000083EA010180EA020281EA0303362D9E
:1001B00088BF30BD11F0004F4FEA01314FF4801C71
:1001C0004CEA113102D0404261EB410113F0004F83
:1001D0004FEA03334CEA133302D0524263EB43033A
:1001E00094EA050F00F0A780A4F10104D5F1200ED8
:1001F0000DDB02FA0EFC22FA05F2801841F1000133
:1002000003FA0EF2801843FA05F359410EE0A5F106
:1002100020050EF1200E012A03FA0EFC28BF4CF037
:10022000020C43FA05F3C01851EBE37101F00045ED
:1002300007D54FF0000EDCF1000C7EEB00006EEBFA
:100240000101B1F5801F1BD3B1F5001F0CD3490884
:100250005FEA30004FEA3C0C04F101044FEA4452DB
:1002600012F5800F80F09A80BCF1004F08BF5FEA62
:10027000500C50F1000041EB045141EA050130BD42
:100280005FEA4C0C404141EB0101013C28BFB1F554
:10029000801FE9D291F0000F04BF01460020B1FA9F
:1002A00081F308BF2033A3F10B03B3F120020CDA72
:1002B0000C3208DD02F1140CC2F10C0201FA0CF050
:1002C00021FA02F10CE002F11402D8BFC2F1200CB5
:1002D00001FA02F120FA0CFCDCBF41EA0C0190406B
:1002E000E41AA2BF01EB0451294330BD6FEA0404B4
:1002F0001F3C1CDA0C340EDC04F11404C4F120029F
:1003000020FA04F001FA02F340EA030021FA04F3B0
:1003100045EA030130BDC4F10C04C4F1200220FA07
:1003200002F001FA04F340EA0300294630BD21FA45
:1003300004F0294630BD94F0000F83F4801306BF0B
:1003400081F480110134013D4EE77FEA645C18BFFF
:100350007FEA655C29D094EA050F08BF90EA020F96
:1003600005D054EA000C04BF1946104630BD91EA8E
:10037000030F1EBF0021002030BD5FEA545C05D191
:100380004000494128BF41F0004130BD14F58004D0
:100390003CBF01F5801130BD01F0004545F0FE4144
:1003A00041F470014FF0000030BD7FEA645C1ABF79
:1003B000194610467FEA655C1CBF0B46024650EAB0
:1003C000013406BF52EA033591EA030F41F40021DC
:1003D00030BD00BF90F0000F04BF0021704730B562
:1003E0004FF4806404F132044FF000054FF0000137
:1003F00050E700BF90F0000F04BF0021704730B5F8
:100400004FF4806404F1320410F0004548BF4042CC
:100410004FF000013EE700BF42004FEAE2014FEA21
:1004200031014FEA02701FBF12F07F4393F07F4FFC
:1004300081F06051704732F07F4208BF704793F0FF
:100440007F4F04BF41F40021704730B54FF4607412
:1004500001F0004521F000411CE700BF50EA010215
:1004600008BF704730B54FF000050AE050EA0102BE
:1004700008BF704730B511F0004502D5404261EB2E
:1004800041014FF4806404F132045FEA915C3FF46F
:10049000D8AE4FF003025FEADC0C18BF03325FEA0C
:1004A000DC0C18BF033202EBDC02C2F1200300FABD
:1004B00003FC20FA02F001FA03FE40EA0E0021FAE2
:1004C00002F11444BDE600BF70B54FF0FF0C4CF4D0
:1004D000E06C1CEA11541DBF1CEA135594EA0C0F82
:1004E00095EA0C0F00F0DEF82C4481EA030621EABD
:1004F0004C5123EA4C5350EA013518BF52EA0335F8
:1005000041F4801143F4801338D0A0FB02CE4FF0A9
:100510000005E1FB02E506F00042E0FB03E54FF0D9
:100520000006E1FB03569CF0000F18BF4EF0010ED1
:10053000A4F1FF04B6F5007F64F5407404D25FEACD
:100540004E0E6D4146EB060642EAC62141EA555180
:100550004FEAC52040EA5E504FEACE2EB4F1FD0CC2
:1005600088BFBCF5E06F1ED8BEF1004F08BF5FEA40
:10057000500E50F1000041EB045170BD06F00046F2
:1005800046EA010140EA020081EA0301B4EB5C049F
:10059000C2BFD4EB0C0541EA045170BD41F4801197
:1005A0004FF0000E013C00F3AB8014F1360FDEBFBC
:1005B000002001F0004170BDC4F10004203C35DA98
:1005C0000C341BDC04F11404C4F1200500FA05F31B
:1005D00020FA04F001FA05F240EA020001F00042BC
:1005E00021F0004110EBD37021FA04F642EB060132
:1005F0005EEA430E08BF20EAD37070BDC4F10C045C
:10060000C4F1200500FA04F320FA05F001FA04F21F
:1006100040EA020001F0004110EBD37041F100010B
:100620005EEA430E08BF20EAD37070BDC4F1200516
:1006300000FA05F24EEA020E20FA04F301FA05F27E
:1006400043EA020321FA04F001F0004121FA04F226
:1006500020EA020000EBD3705EEA430E08BF20EAF6
:10066000D37070BD94F0000F0FD101F00046400030
:1006700041EB010111F4801F08BF013CF7D041EAB2
:10068000060195F0000F18BF704703F000465200B6
:1006900043EB030313F4801F08BF013DF7D043EA87
:1006A0000603704794EA0C0F0CEA135518BF95EA3D
:1006B0000C0F0CD050EA410618BF52EA4306D1D1C4
:1006C00081EA030101F000414FF0000070BD50EAE3
:1006D000410606BF1046194652EA430619D094EA6D
:1006E0000C0F02D150EA013613D195EA0C0F05D157
:1006F00052EA03361CBF104619460AD181EA0301AB
:1007000001F0004141F0FE4141F470014FF0000062
:1007100070BD41F0FE4141F4780170BD70B54FF0FD
:10072000FF0C4CF4E06C1CEA11541DBF1CEA13557D
:1007300094EA0C0F95EA0C0F00F0A7F8A4EB05045F
:1007400081EA030E52EA03354FEA013100F0888056
:100750004FEA03334FF0805545EA131343EA12631F
:100760004FEA022245EA111545EA10654FEA0026D4
:100770000EF000419D4208BF964244F1FD0404F58D
:10078000407402D25B084FEA3202B61A65EB0305E9
:100790005B084FEA32024FF480104FF4002CB6EBA6
:1007A000020E75EB030E22BFB61A754640EA0C0026
:1007B0005B084FEA3202B6EB020E75EB030E22BF66
:1007C000B61A754640EA5C005B084FEA3202B6EBA7
:1007D000020E75EB030E22BFB61A754640EA9C0066
:1007E0005B084FEA3202B6EB020E75EB030E22BF36
:1007F000B61A754640EADC0055EA060E18D04FEAF4
:10080000051545EA16754FEA06164FEAC30343EA93
:1008100052734FEAC2025FEA1C1CC0D111F4801F60
:100820000BD141EA00014FF000004FF0004CB6E759
:1008300011F4801F04BF01430020B4F1FD0C88BFF8
:10084000BCF5E06F3FF6AFAEB5EB030C04BFB6EB03
:10085000020C5FEA500C50F1000041EB045170BDF6
:100860000EF0004E4EEA113114EB5C04C2BFD4EB23
:100870000C0541EA045170BD41F480114FF0000EA7
:10088000013C90E645EA060E8DE60CEA135594EA23
:100890000C0F08BF95EA0C0F3FF43BAF94EA0C0F26
:1008A0000AD150EA01347FF434AF95EA0C0F7FF49B
:1008B00025AF104619462CE795EA0C0F06D152EAEF
:1008C00003353FF4FDAE1046194622E750EA4106D3
:1008D00018BF52EA43067FF4C5AE50EA41047FF4E4
:1008E0000DAF52EA43057FF4EBAE12E74FF0FF3C49
:1008F00006E000BF4FF0010C02E000BF4FF0010C1A
:100900004DF804CD4FEA410C7FEA6C5C4FEA430C92
:1009100018BF7FEA6C5C1BD001B050EA410C0CBFE1
:1009200052EA430C91EA030F02BF90EA020F002043
:10093000704710F1000F91EA030F58BF994208BFAA
:1009400090422CBFD8176FEAE37040F00100704767
:100950004FEA410C7FEA6C5C02D150EA013C07D1BE
:100960004FEA430C7FEA6C5CD6D152EA033CD3D009
:100970005DF8040B704700BF8446104662468C4603
:100980001946634600E000BF01B5FFF7B7FF002836
:1009900048BF10F1000F01BD4DF808EDFFF7F4FF5F
:1009A0000CBF012000205DF808FB00BF4DF808EDEA
:1009B000FFF7EAFF34BF012000205DF808FB00BF0D
:1009C0004DF808EDFFF7E0FF94BF012000205DF82F
:1009D00008FB00BF4DF808EDFFF7CEFF94BF0120E4
:1009E00000205DF808FB00BF4DF808EDFFF7C4FFDD
:1009F00034BF012000205DF808FB00BF4FEA410C26
:100A00007FEA6C5C02D150EA013C0AD14FEA430C08
:100A10007FEA6C5C02D152EA033C02D14FF0000045
:100A200070474FF0010070474FEA410212F5001283
:100A300015D211D56FF47873B3EB625212D94FEA25
:100A4000C12343F0004343EA505311F0004F23FA0F
:100A500002F018BF404270474FF00000704750EA64
:100A6000013005D111F0004008BF6FF00040704721
:100A70004FF00000704700BF4FEA4102B2F1E0437F
:100A800024BFB3F5001CDCF1FE5C0DD901F0004C75
:100A90004FEAC0024CEA5070B2F1004F40EB8300C5
:100AA00008BF20F00100704711F0804F21D113F1F1
:100AB0003872BCBF01F00040704741F480114FEA2A
:100AC0005252C2F11802C2F1200C10FA0CF320FAB3
:100AD00002F018BF40F001004FEAC1234FEAD323D0
:100AE00003FA0CFC40EA0C0023FA02F34FEA43033A
:100AF000CCE77FEA625307D150EA01331EBF4FF0C3
:100B0000FE4040F44000704701F0004040F0FE40DD
:100B100040F40000704700BF80F0004002E000BFDA
:100B200081F0004142001FBF5FEA410392EA030FD8
:100B30007FEA226C7FEA236C6AD04FEA1262D2EB22
:100B40001363C1BFD218414048404140B8BF5B4227
:100B5000192B88BF704710F0004F40F4000020F0C0
:100B60007F4018BF404211F0004F41F4000121F0D6
:100B70007F4118BF494292EA030F3FD0A2F1010220
:100B800041FA03FC10EB0C00C3F1200301FA03F15E
:100B900000F0004302D5494260EB4000B0F5000F81
:100BA00013D3B0F1807F06D340084FEA310102F140
:100BB0000102FE2A51D2B1F1004F40EBC25008BFF2
:100BC00020F0010040EA03007047490040EB0000BC
:100BD000013A28BFB0F5000FEDD2B0FA80FCACF1BD
:100BE000080CB2EB0C0200FA0CF0AABF00EBC250EA
:100BF00052421843BCBFD0401843704792F0000FD8
:100C000081F4000106BF80F400000132013BB5E72A
:100C10004FEA41037FEA226C18BF7FEA236C21D0A0
:100C200092EA030F04D092F0000F08BF0846704705
:100C300090EA010F1CBF0020704712F07F4F04D1D3
:100C4000400028BF40F00040704712F100723CBFE6
:100C500000F50000704700F0004343F0FE4040F410
:100C6000000070477FEA226216BF08467FEA2363CE
:100C70000146420206BF5FEA412390EA010F40F4B9
:100C8000800070474FF0000304E000BF10F0004305
:100C900048BF40425FEA000C08BF704743F09643EC
:100CA00001464FF000001CE050EA010208BF704707
:100CB0004FF000030AE000BF50EA010208BF70478E
:100CC00011F0004302D5404261EB41015FEA010CA3
:100CD00002BF84460146002043F0B64308BFA3F19B
:100CE0008053A3F50003BCFA8CF2083AA3EBC2537D
:100CF00010DB01FA02FC634400FA02FCC2F120029C
:100D0000BCF1004F20FA02F243EB020008BF20F0D2
:100D10000100704702F1200201FA02FCC2F1200238
:100D200050EA4C0021FA02F243EB020008BF20EA2D
:100D3000DC7070474FF0FF0C1CEAD0521EBF1CEA5B
:100D4000D15392EA0C0F93EA0C0F6FD01A4480EA49
:100D5000010C400218BF5FEA41211ED04FF0006332
:100D600043EA501043EA5111A0FB01310CF000405E
:100D7000B1F5000F3EBF490041EAD3715B0040EA84
:100D8000010062F17F02FD2A1DD8B3F1004F40EB54
:100D9000C25008BF20F00100704790F0000F0CF027
:100DA000004C08BF49024CEA502040EA51207F3AEB
:100DB000C2BFD2F1FF0340EAC250704740F40000C6
:100DC0004FF00003013A5DDC12F1190FDCBF00F0B7
:100DD00000407047C2F10002410021FA02F1C2F165
:100DE000200200FA02FC5FEA310040F1000053EA01
:100DF0004C0308BF20EADC70704792F0000F00F04F
:100E0000004C02BF400010F4000F013AF9D040EA54
:100E10000C0093F0000F01F0004C02BF490011F4E8
:100E2000000F013BF9D041EA0C018FE70CEAD153E6
:100E300092EA0C0F18BF93EA0C0F0AD030F0004C66
:100E400018BF31F0004CD8D180EA010000F000401A
:100E5000704790F0000F17BF90F0004F084691F0D8
:100E6000000F91F0004F14D092EA0C0F01D1420212
:100E70000FD193EA0C0F03D14B0218BF084608D1DB
:100E800080EA010000F0004040F0FE4040F4000025
:100E9000704740F0FE4040F4400070474FF0FF0CB8
:100EA0001CEAD0521EBF1CEAD15392EA0C0F93EAFF
:100EB0000C0F69D0A2EB030280EA010C49024FEA51
:100EC000402037D04FF0805343EA111143EA10130A
:100ED0000CF000408B4238BF5B0042F17D024FF4C2
:100EE000000C8B4224BF5B1A40EA0C00B3EB510F9D
:100EF00024BFA3EB510340EA5C00B3EB910F24BF86
:100F0000A3EB910340EA9C00B3EBD10F24BFA3EB0A
:100F1000D10340EADC001B0118BF5FEA1C1CE0D1D2
:100F2000FD2A3FF650AF8B4240EBC25008BF20F085
:100F3000010070470CF0004C4CEA50207F32C2BFD9
:100F4000D2F1FF0340EAC250704740F400004FF076
:100F50000003013A37E792F0000F00F0004C02BFA7
:100F6000400010F4000F013AF9D040EA0C0093F071
:100F7000000F01F0004C02BF490011F4000F013BCB
:100F8000F9D041EA0C0195E70CEAD15392EA0C0F33
:100F900008D142027FF47DAF93EA0C0F7FF470AF6B
:100FA000084676E793EA0C0F04D14B023FF44CAFAE
:100FB00008466EE730F0004C18BF31F0004CCAD143
:100FC00030F000427FF45CAF31F000437FF43CAF7F
:100FD0005FE700BF4FF0FF3C06E000BF4FF0010CA1
:100FE00002E000BF4FF0010C4DF804CD4FEA400283
:100FF0004FEA41037FEA226C18BF7FEA236C11D0CD
:1010000001B052EA530C18BF90EA010F58BFB2EB7F
:10101000030088BFC81738BF6FEAE17018BF40F0FF
:10102000010070477FEA226C02D15FEA402C05D1B3
:101030007FEA236CE4D15FEA412CE1D05DF8040B38
:10104000704700BF844608466146FFE70FB5FFF7CB
:10105000C9FF002848BF10F1000F0FBD4DF808ED83
:10106000FFF7F4FF0CBF012000205DF808FB00BF74
:101070004DF808EDFFF7EAFF34BF012000205DF8CE
:1010800008FB00BF4DF808EDFFF7E0FF94BF01201B
:1010900000205DF808FB00BF4DF808EDFFF7D2FF18
:1010A00094BF012000205DF808FB00BF4DF808ED5B
:1010B000FFF7C8FF34BF012000205DF808FB00BF28
:1010C00042000ED2B2F1FE4F0BD34FF09E03B3EBB2
:1010D000126209D44FEA002343F0004323FA02F0DE
:1010E00070474FF00000704712F1610F01D14202CA
:1010F00002D14FF0FF3070474FF00000704700BF43
:10110000B0B584B000AF07F1080484E803003946A5
:1011100081E80C00BB683A6811461846FFF700FDED
:1011200003461C46BB683A6811461846FFF7F8FCB0
:10113000034619462046FFF7FDFD03461C46FB68A3
:101140007A6811461846FFF7EBFC03461D46FB681C
:101150007A6811461846FFF7E3FC0346194628460D
:10116000FFF7E8FD034619462046FFF7DBFC034680
:101170001846FFF751F902460B46104619460BF088
:10118000E1F802460B4610461946FFF775FC034688
:1011900018461037BD46B0BD2DE9B04384B000AF4E
:1011A000F860B9607A60B968B868FFF7C3FD0346B4
:1011B0001C4679687868FFF7BDFD0346194620464E
:1011C000FFF7B0FC03461C46F968F868FFF7B2FD6C
:1011D000034619462046FFF7A3FC03461846FFF7CF
:1011E0001BF904460D46B868FFF716F902460B4690
:1011F000FEF7B4FF02460B46904699467868FFF723
:101200000BF902460B4640464946FFF75DF9024698
:101210000B4620462946FFF781FA02460B46104648
:1012200019460BF067F802460B4610461946FFF7C1
:1012300023FC034618461037BD46BDE8B0830000C6
:101240002DE9F04387B000AF3B4600221A605A6098
:101250009A602D4B3B602C4B7B602B4BBB602B4B28
:101260001B78002B19D1294B1B7A002B04D1274B5B
:101270005B68274A136010E0244B1B7A012B04D1D2
:10128000234B1B68224A136007E0204B1B7A022B7A
:1012900003D11F4B1B681E4A13601C4B1B7C012B88
:1012A00019D11A4B1B7E002B04D1184B5B69184ACD
:1012B000536010E0154B1B7E012B04D1144B5B686F
:1012C000134A536007E0114B1B7E022B03D1104BD6
:1012D0005B680F4A53600D4B93F82030022B22D1EC
:1012E0000A4B93F82830002B04D1084B5B6A084A5C
:1012F000936018E0054B93F82830012B0AD1044B7A
:101300009B68034A93600EE0DB0F4940A80400206D
:10131000F0040020A84B93F82830022B03D1A74BF0
:101320009B68A64A9360A54B1B68A5491846FFF722
:10133000B5FD03461A46A14B1A60A04B5B68A04955
:101340001846FFF7ABFD03461A469C4B5A609B4B71
:101350009B689B491846FFF7A1FD03461A46974B29
:101360009A603B681846FFF757F804460D46934BC2
:101370001B681846FFF750F88DA3D3E90023FFF749
:10138000A3F802460B46104619464FF000028D4B5B
:10139000FFF7C4F902460B4620462946FEF7DEFE5B
:1013A00002460B4610461946FFF766FB03463B60B4
:1013B0007B681846FFF730F804460D467F4B5B68A4
:1013C0001846FFF729F87AA3D3E90023FFF77CF842
:1013D00002460B46104619464FF00002794BFFF7C4
:1013E0009DF902460B4620462946FEF7B7FE024607
:1013F0000B4610461946FFF73FFB03467B60BB6870
:101400001846FFF709F804460D466C4B9B681846D2
:10141000FFF702F866A3D3E90023FFF755F8024669
:101420000B46104619464FF00002664BFFF776F95F
:1014300002460B4620462946FEF790FE02460B4622
:1014400010461946FFF718FB0346BB605E4B1B684E
:101450005E4A13605E4B1B685C4A53605B4B1B68C3
:101460005C4A126811461846FFF75CFB03461A46B1
:10147000564B9A60554B5B68574A1268114618469E
:10148000FFF750FB03461A46504BDA604F4B1B6880
:10149000504A126811461846FFF744FB03461A46A5
:1014A0004E4B1B6819461046FFF73CFB03461A4695
:1014B000464B1A61454B5B68474A1268114618460D
:1014C000FFF730FB03461A46454B1B68194610468A
:1014D000FFF728FB03461A463C4B5A613B4B3B49FE
:1014E00008330CCB03C9FFF70BFE03463D4A1360DC
:1014F0003D4B1B684FF080411846FFF7CFFC034679
:101500001A463A4B1A603A4B1B684FF08041184616
:10151000FFF7C4FC03461A46364B1A60364B1B686D
:101520004FF080411846FFF7B9FC03461A46334B8B
:101530001A602D4B1B684FF080411846FFF7AEFC38
:1015400003461A462E4B1A60294B1B684FF0804108
:101550001846FFF7A3FC03461A462A4B1A60234B92
:101560001B681846FEF758FF04460D463B681846B0
:10157000FEF752FF02460B46104619460AF006FFD8
:1015800002460B4620462946FEF79EFF02460B46C2
:1015900010461946FFF770FA03460C4A9365134B41
:1015A0001B681846FEF738FF04462DE0AFF30080B5
:1015B0001F85EB51B81E0940A8040020F00400204C
:1015C00000007A44008066403C0200203404002081
:1015D0004002002004000020080000200C00002031
:1015E0004402002048020020100000205002002089
:1015F0002800002054020020380000206002002053
:10160000580200205C0200200D463B681846FEF799
:1016100003FF02460B46104619460AF001FF024638
:101620000B4620462946FEF74FFF02460B46104662
:101630001946FFF721FA0346BB4AD365BB4B1B682B
:101640001846FEF7E9FE04460D463B681846FEF7CD
:10165000E3FE02460B46104619460AF097FE024684
:101660000B4620462946FEF72FFF02460B46104642
:101670001946FFF701FA0346AB4A1365AB4B1B68EB
:101680001846FEF7C9FE04460D463B681846FEF7AD
:10169000C3FE02460B46104619460AF0C1FE02463A
:1016A0000B4620462946FEF70FFF02460B46104622
:1016B0001946FFF7E1F903469B4A53659A4B1B6DA8
:1016C0001846FEF7A9FE04460D46994B1B681846BE
:1016D000FEF7A2FE804689463E687B68954A1268FE
:1016E00011461846FFF71CFA034619463046FFF725
:1016F00019FA03461846FEF78FFE02460B461046BF
:1017000019460AF043FE02460B4640464946FEF79C
:10171000DBFE02460B4620462946FEF71FFD024629
:101720000B4610461946FFF7A7F903467E4A936415
:101730007D4B5B6D1846FEF76FFE04460D467C4BF5
:101740001B681846FEF768FE804689463E687B683F
:10175000784A126811461846FFF7E2F9034619461F
:101760003046FFF7DFF903461846FEF755FE0246FE
:101770000B46104619460AF053FE02460B464046F9
:101780004946FEF7A1FE02460B4620462946FEF7D3
:10179000E5FC02460B4610461946FFF76DF9034675
:1017A000614AD364604B1B6D1846FEF735FE044654
:1017B0000D46614B1B681846FEF72EFE8046894693
:1017C0003E687B685B4A126811461846FFF7A8F925
:1017D000034619463046FFF7A5F903461846FEF7BB
:1017E0001BFE02460B46104619460AF0CFFD024684
:1017F0000B4640464946FEF767FE02460B4620462A
:101800002946FEF7ABFC02460B4610461946FFF789
:1018100033F90346444A1364434B5B6D1846FEF7A5
:10182000FBFD04460D46444B1B681846FEF7F4FDCD
:10183000804689463E687B683E4A126811461846D3
:10184000FFF76EF9034619463046FFF76BF903467A
:101850001846FEF7E1FD02460B46104619460AF00F
:10186000DFFD02460B4640464946FEF72DFE024686
:101870000B4620462946FEF771FC02460B461046F1
:101880001946FFF7F9F80346274A5364264B1B6CA9
:101890001846FEF7C1FD04460D46284B1B68184646
:1018A000FEF7BAFD804689463E687B68214A126889
:1018B00011461846FFF734F9034619463046FFF73C
:1018C00031F903461E46BB681A4A1268114618468B
:1018D000FFF726F9034619463046FFF723F903467A
:1018E0001846FEF799FD02460B46104619460AF0C7
:1018F0004DFD02460B4640464946FEF7E5FD0246D1
:101900000B4620462946FEF729FC02460B461046A8
:101910001946FFF7B1F80346034A9363024B5B6C29
:101920001846FEF779FD0BE034040020100000207B
:101930005402002000000020280000206002002047
:1019400004460D46AC4B1B681846FEF765FD804605
:1019500089463E687B68A94A126811461846FFF717
:10196000DFF8034619463046FFF7DCF803461E460B
:10197000BB68A24A126811461846FFF7D1F8034621
:1019800019463046FFF7CEF803461846FEF744FDE9
:1019900002460B46104619460AF042FD02460B4627
:1019A00040464946FEF790FD02460B462046294632
:1019B000FEF7D4FB02460B4610461946FFF75CF8CB
:1019C00003468F4AD3638E4B1B6C1846FEF724FDEB
:1019D00004460D468B4B1B681846FEF71DFD8046DE
:1019E00089463E687B68854A126811461846FFF7AB
:1019F00097F8034619463046FFF794F803461E460B
:101A0000BB687E4A126811461846FFF789F80346FC
:101A100019463046FFF786F803461846FEF7FCFCE9
:101A200002460B46104619460AF0B0FC02460B4629
:101A300040464946FEF748FD02460B4620462946E9
:101A4000FEF78CFB02460B4610461946FFF714F8CA
:101A500003466B4A13636A4B5B6C1846FEF7DCFC6B
:101A600004460D46674B1B681846FEF7D5FC8046BA
:101A700089463E687B68614A126811461846FFF73E
:101A80004FF8034619463046FFF74CF803461E460A
:101A9000BB685A4A126811461846FFF741F80346D8
:101AA00019463046FFF73EF803461846FEF7B4FCE9
:101AB00002460B46104619460AF0B2FC02460B4697
:101AC00040464946FEF700FD02460B4620462946A1
:101AD000FEF744FB02460B4610461946FEF7CCFFC4
:101AE0000346474A5363464B454958330CCB0831AC
:101AF00003C9FFF705FB3861434B1B68434A126873
:101B000019463869FFF748FB0346414A9364414B45
:101B10001B68414A126839691846FFF73DFB0446C5
:101B20003A4B1B68384A126839691846FFF734FB8C
:101B3000034619462046FEF7F5FF03461A46344B86
:101B4000DA642F4B9B6D1846FEF766FC04460D4683
:101B5000314B1B681846FEF75FFC804689463B68A0
:101B6000264A126811461846FEF7DAFF03461A465F
:101B7000274BDB6C19461046FEF7D4FF0346184688
:101B8000FEF74AFC02460B46104619460AF0FEFBD9
:101B900002460B4640464946FEF796FC02460B4677
:101BA00020462946FEF7DAFA02460B461046194649
:101BB000FEF762FF0346124A9361114BDB6D184634
:101BC000FEF72AFC04460D46134B1B681846FEF729
:101BD00023FC804689463B68084A1268114618462D
:101BE000FEF79EFF03461A46094BDB6C194610466A
:101BF000FEF798FF034611E060020020000000207D
:101C00003404002038000020500200204802002048
:101C10006005002018000020240000201846FEF770
:101C2000FBFB02460B46104619460AF0F9FB02463A
:101C30000B4640464946FEF747FC02460B46204607
:101C40002946FEF78BFA02460B4610461946FEF768
:101C500013FF0346A04AD3619F4B9F4910330CCB1F
:101C6000183103C9FFF74CFA03469C4A13609A4B9C
:101C7000994918330CCB03C9FFF742FA0346984A37
:101C80001360974B1B68974A1168974A1268184669
:101C9000FFF782FA0346954A53608F4B8E495833BB
:101CA0000CCB483103C9FFF72BFAF860904B1B6847
:101CB000904A1168FA681846FFF76EFA04468E4B90
:101CC0001B688E4A1268F9681846FFF765FA0346E2
:101CD00019462046FEF724FF03461A46834B1A6531
:101CE0007D4B9B6C1846FEF797FB04460D46814BD7
:101CF0001B681846FEF790FB804689463B68804A81
:101D0000126811461846FEF70BFF03461E467B6815
:101D10007B4A126811461846FEF702FF0346194631
:101D20003046FEF7FFFE03461A46704B1B6D194600
:101D30001046FEF7F7FE03461846FEF76DFB024617
:101D40000B46104619460AF021FB02460B46404658
:101D50004946FEF7B9FB02460B4620462946FEF7E8
:101D6000FDF902460B4610461946FEF785FE03466E
:101D7000594A1362584BDB6C1846FEF74DFB04467C
:101D80000D465C4B1B681846FEF746FB80468946AD
:101D90003B685B4A126811461846FEF7C1FE0346CF
:101DA0001E467B68564A126811461846FEF7B8FE72
:101DB000034619463046FEF7B5FE03461A464B4B1E
:101DC0001B6D19461046FEF7ADFE03461846FEF79A
:101DD00023FB02460B46104619460AF021FB024639
:101DE0000B4640464946FEF76FFB02460B4620462F
:101DF0002946FEF7B3F902460B4610461946FEF790
:101E00003BFE0346344A5362334B334920330CCBF9
:101E1000183103C9FFF774F903463A4A13602E4B91
:101E20002D4948330CCB383103C9FFF769F9786184
:101E3000354B1B68354A126811461846FEF772FE8C
:101E4000034619467869FFF731F90346002B09D09C
:101E50002D4B1B682D4A126811461846FEF762FE8C
:101E600003467B612A4B1B682A4A12687969184627
:101E7000FFF792F90446244B1B68244A11687A69DB
:101E80001846FFF789F9034619462046FEF748FE33
:101E900003461A46154B5A650F4B9B6B1846FEF7C7
:101EA000BBFA04460D461B4B1B681846FEF7B4FAF6
:101EB000804689463B68124A126811461846FEF76A
:101EC0002FFE03461E467B680D4A126811461846CF
:101ED000FEF726FE03461FE0340400201400002015
:101EE0004C02002050020020240000206005002049
:101EF0001C0000202C00002058020020540200206A
:101F000000000020200000205C0200206002002071
:101F1000300000203C00002019463046FEF702FE4B
:101F200003461E46BB68A24A126811461846FEF7D1
:101F3000F7FD034619463046FEF7F4FD03461A4600
:101F40009C4B5B6D19461046FEF7ECFD03461846A8
:101F5000FEF762FA02460B46104619460AF016FAD8
:101F600002460B4640464946FEF7AEFA02460B468D
:101F700020462946FEF7F2F802460B46104619465F
:101F8000FEF77AFD03468C4A93628B4BDB6B184657
:101F9000FEF742FA04460D46884B1B681846FEF7CA
:101FA0003BFA804689463B68814A126811461846CA
:101FB000FEF7B6FD03461E467B687D4A1268114651
:101FC0001846FEF7ADFD034619463046FEF7AAFD5A
:101FD00003461E46BB68764A126811461846FEF74D
:101FE0009FFD034619463046FEF79CFD03461A4600
:101FF000704B5B6D19461046FEF794FD034618467C
:10200000FEF70AFA02460B46104619460AF008FA8D
:1020100002460B4640464946FEF756FA02460B4634
:1020200020462946FEF79AF802460B461046194606
:10203000FEF722FD0346604AD3625F4B5E492833B8
:102040000CCB203103C9FFF75BF803465C4A1360F1
:10205000594B9B6E5B4A126811461846FFF708F809
:102060000346002B03D0584B00225A7702E0564B10
:1020700001225A77504BDB6E544A126811461846BB
:10208000FEF7F6FF0346002B04D04F4B002283F8E7
:10209000512003E04C4B012283F85120464B1B6F2B
:1020A000474A126811461846FEF7E2FF0346002B26
:1020B00004D0454B002283F8852003E0424B0122E7
:1020C00083F88520404B1B683F4A526891B200223A
:1020D000184602F0A2FA3C4B9B683B4AD26891B288
:1020E0000022184602F099FA374B5B6B364A926B26
:1020F00091B20022184602F090FA334BDB6B324A61
:10210000126C91B20022184602F087FA2E4B9B6E99
:102110002D4AD26E91B20022184602F07EFA2A4B66
:102120001B6F294A526F91B20022184602F075FACD
:10213000274804F08BFE204B9B6E224A1268114602
:102140001846FEF78BFF0346002B02D11E4B0122DF
:102150001A77194BDB6E1D4A126811461846FEF7B6
:102160007DFF0346002B03D1174B012283F850203B
:10217000114B1B6F124A126811461846FEF76EFF8C
:102180000346002B03D1104B012283F88420114B0E
:10219000DB68002B07D00F4BDB69002B03D00D4B06
:1021A000DB6A002B1AD106210B4809F093FC22E0D0
:1021B0000000002060050020340400203C000020C6
:1021C00034000020140000208003002020000020A4
:1021D00038030020A804002038DA0008934BDB689D
:1021E000934A9361914BDB69914AD3648F4BDB6ACD
:1021F0008F4AC2F880308F4B1B78002B12D08D4B4A
:1022000000221A708A4B00221A77894B002283F829
:102210005020874B002283F884200621864809F04D
:1022200059FCFCE1854B9B6E854A126811461846A5
:10223000FEF728FF0346002B19D07D4B1B687C4A14
:10224000526891B20122184602F0E7F9784B9B6878
:10225000774AD26891B20122184602F0DEF9744B37
:1022600000221A770621774809F034FC23E0734BEB
:102270009B6E734A526811461846FEF70DFF0346DF
:10228000002B18D06A4B1B68694A526891B2012230
:10229000184602F0C2F9664B9B68654AD26891B253
:1022A0000122184602F0B9F9614B00221A77062183
:1022B000654809F00FFC614BDB6E614A926811467C
:1022C0001846FEF7DFFE0346002B1AD0584B5B6B17
:1022D000574A926B91B20122184602F09EF9544B74
:1022E000DB6B534A126C91B20122184602F095F949
:1022F0004F4B002283F850200621544809F0EAFB96
:1023000024E04E4BDB6E4E4AD26811461846FEF76B
:10231000C3FE0346002B19D0454B5B6B444A926BBE
:1023200091B20122184602F078F9414BDB6B404A2A
:10233000126C91B20122184602F06FF93C4B002258
:1023400083F850200621424809F0C4FB3B4B1B6F29
:102350003B4A126911461846FEF794FE0346002BCD
:102360001AD0334B9B6E324AD26E91B2012218467C
:1023700002F053F92E4B1B6F2D4A526F91B201227E
:10238000184602F04AF92A4B002283F884200621DD
:10239000304809F09FFB24E0284B1B6F284A526904
:1023A00011461846FEF778FE0346002B19D0204B45
:1023B0009B6E1F4AD26E91B20122184602F02DF98F
:1023C0001B4B1B6F1A4A526F91B20122184602F042
:1023D00024F9174B002283F8842006211E4809F0B7
:1023E00079FB134B5B7F002B3AD1144B9B6E1B4A3E
:1023F000126811461846FEF74FFE0346002B53D0D5
:102400000B4B00221A770A4B1B68094A526891B29B
:102410000122184602F001F9054B9B68044AD26874
:1024200091B20122184602F0F8F83DE0A80400201D
:10243000800300206702002040DA000834040020F6
:10244000D804002048DA000850DA000858DA0008FA
:1024500060DA000868DA000870DA0008140000206A
:102460008C4B5B7F012B1FD18B4B9B6E8B4A126871
:1024700011461846FEF706FE0346002B14D0854B86
:1024800000221A77834B1B68824A526891B201225C
:10249000184602F0C2F87F4B9B687E4AD26891B220
:1024A0000122184602F0B9F87A4B93F85130002B0C
:1024B00021D1794BDB6E7A4A126811461846FEF735
:1024C000EBFD0346002B3CD0724B002283F85020DA
:1024D000704B5B6B6F4A926B91B20122184602F00F
:1024E0009CF86C4BDB6B6B4A126C91B20122184664
:1024F00002F093F825E0674B93F85130012B20D17F
:10250000654BDB6E664A126811461846FEF7BAFD47
:102510000346002B15D05F4B002283F850205D4B03
:102520005B6B5C4A926B91B20122184602F075F81F
:10253000584BDB6B574A126C91B20122184602F0DD
:102540006CF8544B93F88530002B21D1524B1B6F04
:10255000544A126811461846FEF79EFD0346002BAA
:102560003CD04C4B002283F884204A4B9B6E494A56
:10257000D26E91B20122184602F04FF8454B1B6F04
:10258000444A526F91B20122184602F046F825E003
:10259000404B93F88530012B20D13F4B1B6F414AB4
:1025A000126811461846FEF76DFD0346002B15D044
:1025B000384B002283F88420364B9B6E354AD26E0E
:1025C00091B20122184602F028F8324B1B6F314AB3
:1025D000526F91B20122184602F01FF82D4B1B7F5B
:1025E00083F00103DBB2002B3FF405AE294B93F8D7
:1025F000503083F00103DBB2002B3FF4FCAD254BE0
:1026000093F8843083F00103DBB2002B3FF4F3AD89
:10261000254804F06DFC0621244809F05BFA1D4BA7
:102620001B681C4A526891B20022184601F0F5FF5F
:10263000184B9B68174AD26891B20022184601F0E5
:10264000ECFF144B5B6B134A926B91B2002218465D
:1026500001F0E3FF0F4BDB6B0E4A126C91B20022CC
:10266000184601F0DAFF0B4B9B6E0A4AD26E91B20C
:102670000022184601F0D1FF064B1B6F054A526F2E
:1026800091B20022184601F0C8FF00BF1C37BD46BA
:10269000BDE8F083800300203404002014000020F3
:1026A00020000020340000203803002040DA000819
:1026B00080B500AFAA4B01225A77A94B012283F8BB
:1026C0005120A74B012283F88520A54B0A225A618D
:1026D000A34B4FF4FA729A61A14B0A229A64A04B61
:1026E0004FF4FA72DA649E4B0A22DA679C4B4FF47D
:1026F000FA72C3F880209A4B1B68994A526891B2CB
:102700000022184601F089FF954B9B68944AD268D5
:1027100091B20022184601F080FF914B5B6B904A0A
:10272000926B91B20022184601F077FF8C4BDB6B65
:102730008B4A126C91B20022184601F06EFF884B52
:102740009B6E874AD26E91B20022184601F065FF57
:10275000834B1B6F824A526F91B20022184601F0E0
:102760005CFF804804F072FB7D4B01221A777C4BA2
:10277000012283F850207A4B012283F884204FF401
:102780000061794801F032FF0346002B18D1744BE9
:102790001B7F002B14D0724B00221A77704B1B68E2
:1027A0006F4A526891B20022184601F036FF6C4B16
:1027B0009B686B4AD26891B20022184601F02DFF47
:1027C0004FF48061684801F011FF0346002B1AD1D5
:1027D000634B93F85030002B15D0614B002283F8E7
:1027E00050205F4B5B6B5E4A926B91B200221846A1
:1027F00001F013FF5A4BDB6B594A126C91B2002265
:10280000184601F00AFF0421574801F0EFFE034685
:10281000002B1AD1524B93F88430002B15D0504B1B
:10282000002283F884204E4B9B6E4D4AD26E91B2AB
:102830000022184601F0F1FE494B1B6F484A526FC7
:1028400091B20022184601F0E8FE454B1B7F83F051
:102850000103DBB2002B92D0414B93F8503083F050
:102860000103DBB2002B8AD03D4B93F8843083F018
:102870000103DBB2002B82D04FF4FA7001F076F93D
:10288000374B00225A77364B002283F85120344BC5
:10289000002283F88520324B01221A77304B012227
:1028A00083F850202E4B012283F884204FF4487087
:1028B00001F05CF92A4B00221A77294B002283F899
:1028C0005020274B002283F88420254B1B68244A84
:1028D000526891B20122184601F09FFE204B9B687E
:1028E0001F4AD26891B20122184601F096FE1C4B95
:1028F0005B6B1B4A926B91B20122184601F08DFE70
:10290000174BDB6B164A126C91B20122184601F08C
:1029100084FE134B9B6E124AD26E91B2012218466E
:1029200001F07BFE0E4B1B6F0D4A526F91B20122DC
:10293000184601F072FE0B4804F0DAFA0B4B0C4A11
:102940009A660A4B0B4ADA66084B0B4A1A674FF431
:102950002F7001F00BF9024B1B68014A52680DE021
:102960008003002038030020000C014034040020C4
:10297000F19495423D0A6D42AE47F74191B2002273
:10298000184601F04AFE184B9B68174AD26891B26C
:102990000022184601F041FE134B5B6B124A926B0A
:1029A00091B20022184601F038FE0F4BDB6B0E4A45
:1029B000126C91B20022184601F02FFE0A4B9B6E5A
:1029C000094AD26E91B20022184601F026FE064B4B
:1029D0001B6F054A526F91B20022184601F01DFE8E
:1029E00000BF00BF80BD00BF8003002080B586B05F
:1029F00000AF01F059F800F02DFA00F099FB00F05B
:102A000087FA00F0C3FA08F003FD00F0F7FA00F0CF
:102A100041FB804B804A1A607E4B80225A607D4B7E
:102A20007D4A9A607B4B4022DA607A4B7B4A9A62FD
:102A3000784B00225A77774B00221A77754B0A227F
:102A40005A61744B4FF448729A61724B724A5A63DE
:102A5000704B20229A636F4B6F4ADA636D4B1022E2
:102A60001A646C4B6D4ADA656A4B002283F8512078
:102A7000684B002283F85020664B0A229A64654B0B
:102A80004FF44872DA64634B634A9A66614B0822DA
:102A9000DA66604B624A1A675E4B4FF400425A672F
:102AA0005C4B5E4AC3F890205A4B002283F8852085
:102AB000584B002283F88420564B0A22DA67554B84
:102AC0004FF44872C3F88020564B574A9A66554BCC
:102AD000564ADA66534B564A1A674E4B4FF07C52B1
:102AE0005A624C4B4FF07C529A654A4B4FF07C52E5
:102AF000C3F88C2001220221474801F08EFD0122FB
:102B00000121454801F089FD4FF47A7001F02EF85B
:102B1000484B00221A70474B00225A70454B002246
:102B20009A70454B454A5A60434B4FF000021A6079
:102B3000414B424ADA60404B4FF000029A603E4BF4
:102B40003E4A5A613C4B4FF000021A613C4B4FF435
:102B50004872DA603A4B4FF44872DA61384B4FF4FE
:102B60004872DA624FF40051364801F06EFD364B80
:102B70001B78002B09D0FFF79BFD0621334808F096
:102B8000A9FF314B00221A7051E1314B1B78002B09
:102B900009D0FEF755FB06212C4808F09BFF2C4B73
:102BA00000221A7043E12B4B1B78002B00F03F8171
:102BB0000023FB75FB7D5A1CFA751A46264B5421DF
:102BC000995400F0C9FF38613B69190EFB7D5A1C0E
:102BD000FA751A46C9B2204B99543B69190CFB7D12
:102BE0005A1CFA751A46C9B21B4B99543B69190A0B
:102BF000FB7D5A1CFA751A46C9B2174B9954FB7DD6
:102C00005A1CFA751A463B69D9B2134B99540023E2
:102C1000BB7501E180030020000C01400000B841B9
:102C20000008014034040020F19495423D0A6D42B1
:102C3000AE47F7411C040020D804002000004843A0
:102C4000A8040020001001406402002040DA0008BF
:102C50006502002066020020FC040020FB7D5A1C57
:102C6000FA751A46744B4D219954FB7D5A1CFA751E
:102C70001946714ABB7D5354704B1B687049184606
:102C8000FEF758F803461846FEF71AFA0346FB60AB
:102C9000FB68190EFB7D5A1CFA751A46C9B2664BC1
:102CA0009954FB68190CFB7D5A1CFA751A46C9B277
:102CB000614B9954FB68190AFB7D5A1CFA751A4638
:102CC000C9B25D4B9954FB7D5A1CFA751A46FB68D4
:102CD000D9B2594B99545B4B9B6E59491846FEF734
:102CE00029F803461846FEF7EBF90346BB60BB68BC
:102CF000190EFB7D5A1CFA751A46C9B24E4B9954EF
:102D0000BB68190CFB7D5A1CFA751A46C9B24A4BAE
:102D10009954BB68190AFB7D5A1CFA751A46C9B248
:102D2000454B9954FB7D5A1CFA751A46BB68D9B2BB
:102D3000414B9954BA7DFB7D591CF975184642499F
:102D400013010B4408331A783B4B1A54BB7D3F4A9E
:102D500052F833303A491846FDF7ECFF034618465F
:102D6000FEF7AEF903467B607B68190EFB7D5A1CAB
:102D7000FA751A46C9B2304B99547B68190CFB7D21
:102D80005A1CFA751A46C9B22B4B99547B68190A1A
:102D9000FB7D5A1CFA751A46C9B2274B9954FB7D24
:102DA0005A1CFA751A467B68D9B2234B9954BB7DDD
:102DB000264ADB0013445B6821491846FDF7BAFF39
:102DC00003461846FEF77CF903463B603B68190E44
:102DD000FB7D5A1CFA751A46C9B2174B99543B68C9
:102DE000190CFB7D5A1CFA751A46C9B2124B99543C
:102DF0003B68190AFB7D5A1CFA751A46C9B20E4B7C
:102E00009954FB7D5A1CFA751A463B68D9B20A4B95
:102E10009954BB7D0133BB75BB7D022B7FF61EAF82
:102E20003B21054808F056FE094B00221A70142079
:102E300000F09CFE96E600BFFC040020F004002099
:102E400000007A4434040020A8040020D8040020A4
:102E50006602002080B594B000AF07F12803282255
:102E60000021184609F014FA07F1140300221A6031
:102E70005A609A60DA601A613B1D00221A605A603B
:102E80009A60DA600123BB624FF48033FB62002357
:102E90003B630123BB6302237B644FF48033BB6439
:102EA0004FF4E013FB6407F12803184603F06CF9B4
:102EB0000346002B01D000F05BFC0F237B61022353
:102EC000BB610023FB614FF480633B6200237B62A4
:102ED00007F114030221184603F0D8FB0346002B28
:102EE00001D000F045FC12237B604FF40043FB60EF
:102EF00000233B613B1D184603F024FD0346002BD5
:102F000001D000F035FC00BF5037BD4680BD000049
:102F100080B584B000AF3B1D00221A605A609A60F1
:102F2000184B194A1A60174B00229A60154B002261
:102F30001A73144B00221A75124B4FF46022DA6197
:102F4000104B00225A600F4B01221A610D4800F00D
:102F500031FE0346002B01D000F00AFC00237B6009
:102F60000123BB600023FB603B1D1946054800F0B0
:102F7000F9FE0346002B01D000F0FAFB00BF10372A
:102F8000BD4680BD680200200024014080B500AF2E
:102F9000184B194A1A60174B4FF482725A60154B3E
:102FA0004FF480629A60134B0022DA60114B0022CA
:102FB0001A61104B00225A610E4B4FF400729A6155
:102FC0000C4B1822DA610B4B00221A62094B0022CB
:102FD0005A62084B00229A62064B0A22DA620548BE
:102FE00003F066FD0346002B01D000F0C1FB00BFDB
:102FF00080BD00BF980200200030014080B586B03F
:1030000000AF07F1080300221A605A609A60DA6084
:103010003B4600221A605A601C4B1D4A1A601B4B2B
:1030200047225A60194B00229A60184B0922DA6035
:10303000164B00221A61154B00229A61134803F0C7
:10304000B6FE0346002B01D000F092FB4FF48053F4
:10305000BB6007F1080319460C4804F07FF80346EB
:10306000002B01D000F084FB00233B6000237B6039
:103070003B461946054804F055FA0346002B01D09B
:1030800000F076FB00BF1837BD4680BDF00200207F
:103090000004004080B586B000AF07F108030022AD
:1030A0001A605A609A60DA603B4600221A605A60E1
:1030B0001D4B1E4A1A601C4B47225A601A4B0022B5
:1030C0009A60194B40F2E732DA60174B00221A611E
:1030D000154B00229A61144803F069FE0346002B49
:1030E00001D000F045FB4FF48053BB6007F10803AB
:1030F00019460D4804F032F80346002B01D000F0C9
:1031000037FB00233B6000237B603B4619460648A3
:1031100004F008FA0346002B01D000F029FB00BFA1
:103120001837BD4680BD00BF3803002000080040AE
:1031300080B588B000AF07F1100300221A605A6012
:103140009A60DA605A4B9B69594A43F010039361C5
:10315000574B9B6903F01003FB60FB68544B9B6962
:10316000534A43F020039361514B9B6903F02003C2
:10317000BB60BB684E4B9B694D4A43F004039361AF
:103180004B4B9B6903F004037B607B68484B9B6956
:10319000474A43F008039361454B9B6903F00803DA
:1031A0003B603B6800224FF40051424801F035FA81
:1031B0000022FB21404801F030FA00224FF4004188
:1031C0003E4801F02AFA4FF400533B6101237B6132
:1031D0000023BB610223FB6107F110031946354848
:1031E00001F080F8FB233B6101237B610023BB617D
:1031F0000223FB6107F1100319462F4801F072F812
:1032000045F604433B6100237B610123BB6107F169
:1032100010031946284801F065F84FF420433B613C
:10322000274B7B610123BB6107F11003194622483C
:1032300001F058F84FF480733B6100237B61012358
:10324000BB6107F1100319461C4801F04BF84FF41D
:1032500000733B611A4B7B610123BB6107F11003D3
:103260001946164801F03EF84FF400433B61012334
:103270007B610023BB610223FB6107F11003194648
:103280000E4801F02FF800220121172000F07BFFEB
:10329000172000F094FF00220121282000F073FF86
:1032A000282000F08CFF00BF2037BD4680BD00BF46
:1032B0000010024000100140000C014000080140D5
:1032C0000000211080B584B000AF78607B686C4A44
:1032D000934240F0D0800023FB73C8E0FB7B694A37
:1032E000342101FB03F313441C331B78002B00F043
:1032F000BB80FB7B634A342101FB03F3134410338F
:103300001A68FB7B5F49342000FB03F30B44143342
:103310001B68013B9A4247D3FB7B5A4A342101FB8D
:1033200003F313441D331B78002B14D1FB7B554A48
:10333000342101FB03F313441A68FB7B5149342009
:1033400000FB03F30B4404331B689BB21946104681
:1033500001F07BF91EE0FB7B4A4A342101FB03F3B9
:1033600013441D331B78012B14D1FB7B454A3421B8
:1033700001FB03F3134408331A68FB7B41493420F3
:1033800000FB03F30B440C331B689BB21946104639
:1033900001F05BF9FB7B3B4A342101FB03F313444F
:1033A000103300221A600FE0FB7B3649342203FB06
:1033B00002F20A441032126801323249342000FB12
:1033C00003F30B4410331A60FB7B2E4A342101FBBC
:1033D00003F3134410331A68FB7B2A49342000FBA3
:1033E00003F30B4418331B689A423DD3FB7B254AF9
:1033F000342101FB03F313441D331B78002B14D13C
:10340000FB7B204A342101FB03F313441868FB7B48
:103410001C4A342101FB03F3134404331B689BB2A1
:103420000022194601F0F9F81EE0FB7B154A342111
:1034300001FB03F313441D331B78012B14D1FB7BD9
:10344000104A342101FB03F3134408331868FB7B53
:103450000C4A342101FB03F313440C331B689BB269
:103460000022194601F0D9F8FB7B0133FB73FB7B8B
:10347000022B7FF633AF00BF1037BD4680BD00BFC3
:1034800038030020800300202DE9B04382B000AF54
:103490000346FB80FB88042B00F05B81FB88B3F5BF
:1034A000007F6DD14FF48071AC4801F09FF8034666
:1034B000002B32D1AA4B5B7F012B40F04A81A94BF4
:1034C0009B6E1846FCF7A8FF04460D46A44B5B6AAA
:1034D0001846FCF7A1FF80468946A14B9B6A184617
:1034E000FCF79AFF4FF000029F4BFCF7EDFF0246FE
:1034F0000B4640464946FDF711F902460B46204669
:103500002946FCF729FE02460B4610461946FDF7F0
:10351000B3FA0346934A93661BE1914B5B7F002B02
:1035200040F017818F4B9B6E1846FCF775FF0446E1
:103530000D468B4B5B6A1846FCF76EFF804689464A
:10354000874B9B6A1846FCF767FF4FF00002864BDB
:10355000FCF7BAFF02460B4640464946FDF7DEF847
:1035600002460B4620462946FCF7F8FD02460B466C
:1035700010461946FDF780FA03467A4A9366E8E05A
:10358000FB88B3F5004F6FD14FF48041774801F0CD
:103590002DF80346002B33D1714B93F85130012B9A
:1035A00040F0D7806F4BDB6E1846FCF735FF0446C2
:1035B0000D466B4B9B6D1846FCF72EFF80468946E7
:1035C000674BDB6D1846FCF727FF4FF00002664B98
:1035D000FCF77AFF02460B4640464946FDF79EF847
:1035E00002460B4620462946FCF7B6FD02460B462E
:1035F00010461946FDF740FA03465A4AD366A8E03A
:10360000574B93F85130002B40F0A380554BDB6EA5
:103610001846FCF701FF04460D46514B9B6D1846BA
:10362000FCF7FAFE804689464D4BDB6D1846FCF7E9
:10363000F3FE4FF000024C4BFCF746FF02460B46F0
:1036400040464946FDF76AF802460B4620462946A1
:10365000FCF784FD02460B4610461946FDF70CFAAE
:103660000346404AD36674E0FB88B3F5005F70D12F
:103670004FF480513D4800F0B9FF0346002B34D190
:10368000374B93F88530002B63D1364B1B6F1846B0
:10369000FCF7C2FE04460D46314BD3F88C30184679
:1036A000FCF7BAFE804689462D4BD3F89030184679
:1036B000FCF7B2FE4FF000022B4BFCF705FF024671
:1036C0000B4640464946FDF729F802460B46204680
:1036D0002946FCF743FD02460B4610461946FDF706
:1036E000CBF903461F4A136733E01D4B93F885302F
:1036F000012B2ED11B4B1B6F1846FCF78DFE044689
:103700000D46174BD3F88C301846FCF785FE8046E3
:103710008946134BD3F890301846FCF77DFE4FF0E6
:103720000002114BFCF7D0FE02460B4640464946CC
:10373000FCF7F4FF02460B4620462946FCF70CFD39
:1037400002460B4610461946FDF796F90346054A10
:10375000136700BF0837BD46BDE8B08300080140CD
:10376000800300203404002000001C40000C0140B5
:1037700080B400AF72B600BF00BFFDE780B485B073
:1037800000AF154B9B69144A43F001039361124B40
:103790009B6903F00103BB60BB680F4BDB690E4AFA
:1037A00043F08053D3610C4BDB6903F080537B60A3
:1037B0007B680A4B5B68FB60FB6823F0E063FB609F
:1037C000FB6843F00073FB60044AFB68536000BF72
:1037D0001437BD4680BC7047001002400000014015
:1037E00080B588B000AF786007F1100300221A603E
:1037F0005A609A60DA607B681B68144A934221D150
:10380000134B9B69124A43F400739361104B9B69FD
:1038100003F40073FB60FB680D4B9B690C4A43F09B
:10382000040393610A4B9B6903F00403BB60BB680C
:1038300007233B6103237B6107F110031946054809
:1038400000F050FD00BF2037BD4680BD0024014080
:10385000001002400008014080B588B000AF7860D9
:1038600007F1100300221A605A609A60DA607B68E0
:103870001B681F4A934237D11E4B9B691D4A43F474
:10388000805393611B4B9B6903F48053FB60FB687F
:10389000184B9B69174A43F004039361154B9B69CE
:1038A00003F00403BB60BB6820233B6102237B6100
:1038B0000323FB6107F1100319460F4800F012FDC6
:1038C00040233B6100237B610023BB6107F11003B0
:1038D0001946094800F006FD00220021232000F0CF
:1038E00052FC232000F06BFC00BF2037BD4680BD9A
:1038F00000300140001002400008014080B584B053
:1039000000AF78607B681B681A4A934214D11A4B47
:10391000DB69194A43F00203D361174BDB6903F0FB
:103920000203FB60FB68002200211D2000F02BFC3D
:103930001D2000F044FC18E07B681B680F4A93428E
:1039400013D10D4BDB690C4A43F00403D3610A4BDE
:10395000DB6903F00403BB60BB68002200211E206A
:1039600000F011FC1E2000F02AFC00BF1037BD46FD
:1039700080BD00BF0004004000100240000800406D
:1039800080B400AF00BFFDE780B400AF00BFFDE72B
:1039900080B400AF00BFFDE780B400AF00BFFDE71B
:1039A00080B400AF00BFFDE780B400AF00BFBD46EC
:1039B00080BC704780B400AF00BFBD4680BC70477C
:1039C00080B400AF00BFBD4680BC704780B500AF7B
:1039D00000F0B0F800BF80BD80B500AF024800F035
:1039E0008AFF00BF80BD00BF9012002080B500AFED
:1039F0004FF4007000F042FE00BF80BD80B500AF04
:103A0000024803F0A3FA00BF80BD00BFF00200200F
:103A100080B500AF024803F099FA00BF80BD00BF37
:103A20003803002080B500AF024803F0C5F800BF9E
:103A300080BD00BF9802002080B500AF4FF4005059
:103A400000F01CFE4FF4004000F018FE00BF80BDE7
:103A500080B400AF00BFBD4680BC7047FFF7F8FFE1
:103A60000B480C490C4A002302E0D458C4500433DC
:103A7000C4188C42F9D3094A094C002301E01360B1
:103A80000432A242FBD308F011FCFEF7AFFF7047EF
:103A90000000002020020020F8DC000820020020A6
:103AA000D8180020FEE7000080B500AF084B1B6867
:103AB000074A43F010031360032000F059FB0F2066
:103AC00000F008F8FFF75AFE0023184680BD00BF3B
:103AD0000020024080B582B000AF7860124B1A68B7
:103AE000124B1B7819464FF47A73B3FBF1F3B2FB18
:103AF000F3F3184600F071FB0346002B01D00123BD
:103B00000EE07B680F2B0AD8002279684FF0FF3057
:103B100000F039FB064A7B681360002300E00123B4
:103B200018460837BD4680BD4000002048000020F0
:103B30004400002080B400AF054B1B781A46054BAB
:103B40001B681344034A136000BFBD4680BC704726
:103B500048000020C405002080B400AF024B1B6861
:103B60001846BD4680BC7047C405002080B584B0AF
:103B700000AF7860FFF7F0FFB8607B68FB60FB6820
:103B8000B3F1FF3F05D00A4B1B781A46FB6813447C
:103B9000FB6000BFFFF7E0FF0246BB68D31AFA687C
:103BA0009A42F7D800BF00BF1037BD4680BD00BFA6
:103BB0004800002080B586B000AF78600023FB7518
:103BC00000233B610023BB600023FB607B68002B6C
:103BD00001D10123BEE07B689B68002B7B689B6A58
:103BE000002B09D17B680022DA627B68002283F80F
:103BF00024207868FFF7F4FD786800F0ABF90346FD
:103C0000FB757B689B6A03F01003002B40F09980E2
:103C1000FB7D002B40F095807B689B6A23F48853E2
:103C200023F0020343F002027B689A627B685A68C1
:103C30007B68DB691A437B681B7B5B001343BA68B4
:103C40001343BB607B689B68B3F5807F03D07B68C0
:103C50009B68012B02D14FF4807300E000233A6986
:103C600013433B617B681B7D012B19D17B681B7B58
:103C7000002B09D17B689B69013B5A033B691343C5
:103C800043F400633B610BE07B689B6A43F02002D6
:103C90007B689A627B68DB6A43F001027B68DA62C8
:103CA0007B681B685B6823F469417B681B683A6921
:103CB0000A435A607B681B689A68284B13407A68ED
:103CC0001268B9680B4393607B689B68B3F5807F8B
:103CD00003D07B689B68012B04D17B681B69013B87
:103CE0001B05FB607B681B68DB6A23F470017B6843
:103CF0001B68FA680A43DA627B681B689A68184B8B
:103D00001340BA689A420BD17B680022DA627B6862
:103D10009B6A23F0030343F001027B689A6218E078
:103D20007B689B6A23F0120343F010027B689A625F
:103D30007B68DB6A43F001027B68DA620123FB7572
:103D400007E07B689B6A43F010027B689A6201235C
:103D5000FB75FB7D18461837BD4680BDFDF7E1FFBA
:103D6000FE0E1FFF80B485B000AF7860396000237D
:103D7000FB730023BB607B6893F82430012B01D1D7
:103D80000223DCE07B68012283F824203B685B6827
:103D9000062B1CD87B681B68596B3B685A68134616
:103DA0009B001344053B1F2202FA03F3DB43194037
:103DB0003B6818683B685A6813469B001344053BF0
:103DC00000FA03F27B681B680A435A633CE03B68D5
:103DD0005B680C2B1CD87B681B68196B3B685A68A6
:103DE00013469B001344233B1F2202FA03F3DB43D9
:103DF00019403B6818683B685A6813469B00134497
:103E0000233B00FA03F27B681B680A431A631BE03A
:103E10007B681B68D96A3B685A6813469B00134449
:103E2000413B1F2202FA03F3DB4319403B68186849
:103E30003B685A6813469B001344413B00FA03F267
:103E40007B681B680A43DA623B681B68092B1CD934
:103E50007B681B68D9683B681A6813465B0013448B
:103E60001E3B072202FA03F3DB4319403B689868C4
:103E70003B681A6813465B0013441E3B00FA03F2CA
:103E80007B681B680A43DA6019E07B681B68196964
:103E90003B681A6813465B001344072202FA03F3D7
:103EA000DB4319403B6898683B681A6813465B001F
:103EB000134400FA03F27B681B680A431A613B68EB
:103EC0001B68102B03D03B681B68112B32D17B6819
:103ED0001B681D4A934225D17B681B689B6803F4CD
:103EE0000003002B26D17B681B689A687B681B68DF
:103EF00042F400029A603B681B68102B1AD1134BE6
:103F00001B68134AA2FB03239A0C13469B0013441D
:103F10005B00BB6002E0BB68013BBB60BB68002B81
:103F2000F9D107E07B689B6A43F020027B689A62C4
:103F30000123FB737B68002283F82420FB7B184657
:103F40001437BD4680BC704700240140400000206B
:103F500083DE1B4380B584B000AF78600023FB6034
:103F60007B681B689B6803F00103012B2ED17B68E3
:103F70001B689A687B681B6822F001029A60FFF751
:103F8000EBFDF8601BE0FFF7E7FD0246FB68D31A84
:103F9000022B14D97B681B689B6803F00103012B7B
:103FA0000DD17B689B6A43F010027B689A627B6844
:103FB000DB6A43F001027B68DA62012307E07B6879
:103FC0001B689B6803F00103012BDCD0002318461B
:103FD0001037BD4680BD000080B485B000AF78606A
:103FE0007B6803F00703FB600C4BDB68BB60BA68BF
:103FF0004FF6FF031340BB60FB681A02BB68134314
:1040000043F0BF6343F40033BB60044ABB68D36032
:1040100000BF1437BD4680BC704700BF00ED00E014
:1040200080B400AF044BDB681B0A03F0070318469B
:10403000BD4680BC704700BF00ED00E080B483B097
:1040400000AF0346FB7197F90730002B0BDBFB79C0
:1040500003F01F02064997F907305B09012000FAB7
:1040600002F241F8232000BF0C37BD4680BC7047E8
:1040700000E100E080B483B000AF03463960FB711B
:1040800097F90730002B0ADB3B68DAB20C4997F945
:1040900007301201D2B20B4483F800230AE03B68D8
:1040A000DAB20849FB7903F00F03043B1201D2B2E4
:1040B0000B441A7600BF0C37BD4680BC704700BF6A
:1040C00000E100E000ED00E080B489B000AFF860EE
:1040D000B9607A60FB6803F00703FB61FB69C3F119
:1040E0000703042B28BF0423BB61FB690433062BA1
:1040F00002D9FB69033B00E000237B614FF0FF32F4
:10410000BB6902FA03F3DA43BB681A407B699A4041
:104110004FF0FF317B6901FA03F3D9437B680B4011
:10412000134318462437BD4680BC704780B582B023
:1041300000AF78607B68013BB3F1807F01D301233E
:104140000FE00A4A7B68013B53600F214FF0FF30BC
:10415000FFF790FF054B00229A60044B07221A607C
:10416000002318460837BD4680BD00BF10E000E0C0
:1041700080B582B000AF78607868FFF72DFF00BF90
:104180000837BD4680BD80B586B000AF0346B96034
:104190007A60FB7300237B61FFF742FF78617A68E6
:1041A000B9687869FFF790FF024697F90F3011461A
:1041B0001846FFF75FFF00BF1837BD4680BD80B5CA
:1041C00082B000AF0346FB7197F907301846FFF73E
:1041D00035FF00BF0837BD4680BD80B582B000AF57
:1041E00078607868FFF7A2FF034618460837BD4697
:1041F00080BD000080B584B000AF78600023FB7301
:104200007B6893F82130DBB2022B05D07B68042257
:104210009A630123FB7351E07B681B681A687B6813
:104220001B6822F00E021A607B681B681A687B68A4
:104230001B6822F001021A607B681B68224A9342C5
:1042400029D07B681B68214A934222D07B681B6877
:104250001F4A93421AD07B681B681E4A934212D0B1
:104260007B681B681C4A93420AD07B681B681B4A08
:10427000934202D14FF480130EE04FF080730BE0B5
:104280004FF4803308E04FF4805305E04FF480731F
:1042900002E0102300E00123114A53607B680122F1
:1042A00083F821207B68002283F820207B685B6BE9
:1042B000002B03D07B685B6B78689847FB7B1846C4
:1042C0001037BD4680BD00BF080002401C00024000
:1042D0003000024044000240580002406C0002409E
:1042E0000000024080B48BB000AF786039600023DA
:1042F0007B6200233B6269E101227B6A02FA03F3DD
:10430000FB613B681B68FA691340BB61BA69FB69D2
:104310009A4240F058813B685B689A4A93425ED06B
:10432000984A934275D8984A934258D0964A9342F5
:104330006FD8964A934252D0944A934269D8944A8D
:1043400093424CD0924A934263D8924A934246D0C9
:10435000904A93425DD8122B2AD8122B59D801A229
:1043600052F823F0DF430008B9430008CB430008AC
:104370000D440008134400081344000813440008C7
:1043800013440008134400081344000813440008B1
:1043900013440008134400081344000813440008A1
:1043A0001344000813440008C1430008D543000823
:1043B000794A934213D02CE03B68DB683B6229E0EA
:1043C0003B68DB6804333B6224E03B68DB6808330E
:1043D0003B621FE03B68DB680C333B621AE03B68E2
:1043E0009B68002B02D104233B6213E03B689B686F
:1043F000012B05D108233B627B68FA691A6109E049
:1044000008233B627B68FA695A6103E000233B6240
:1044100000E000BFBB69FF2B01D87B6801E07B682F
:1044200004337B61BB69FF2B02D87B6A9B0002E0EF
:104430007B6A083B9B003B617B691A680F213B69E3
:1044400001FA03F3DB431A40396A3B6901FA03F3CB
:104450001A437B691A603B685B6803F08053002B4A
:1044600000F0B1804D4B9B694C4A43F001039361CE
:104470004A4B9B6903F00103BB60BB68484A7B6AF7
:104480009B08023352F82330FB607B6A03F003037E
:104490009B000F2202FA03F3DB43FA681340FB6030
:1044A0007B68404A934213D07B683F4A93420DD0C9
:1044B0007B683E4A934207D07B683D4A934201D1D4
:1044C000032306E0042304E0022302E0012300E0CA
:1044D00000237A6A02F0030292009340FA681343C1
:1044E000FB602F497B6A9B080233FA6841F823205E
:1044F0003B685B6803F48013002B06D02D4B9A6851
:104500002C49BB6913438B6006E02A4B9A68BB6950
:10451000DB43284913408B603B685B6803F400135E
:10452000002B06D0234BDA682249BB691343CB60CA
:1045300006E0204BDA68BB69DB431E491340CB60C1
:104540003B685B6803F40033002B06D0194B5A68B4
:104550001849BB6913434B6006E0164B5A68BB69A8
:10456000DB43144913404B603B685B6803F48033C2
:10457000002B21D00F4B1A680E49BB6913430B6007
:1045800021E000BF000032100000311000002210B6
:104590000000211000001210000011100010024055
:1045A0000000014000080140000C014000100140E3
:1045B00000140140000401400B4B1A68BB69DB4347
:1045C000094913400B607B6A01337B623B681A68C0
:1045D0007B6A22FA03F3002B7FF48EAE00BF00BF8C
:1045E0002C37BD4680BC70470004014080B485B0C4
:1045F00000AF78600B467B807B689A687B881340AD
:10460000002B02D00123FB7301E00023FB73FB7B33
:1046100018461437BD4680BC704780B483B000AFE5
:1046200078600B467B8013467B707B78002B03D031
:104630007A887B681A6103E07B881A047B681A61B8
:1046400000BF0C37BD4680BC704780B485B000AF5A
:1046500078600B467B807B68DB68FB607A88FB6850
:1046600013401A04FB68D9437B880B401A437B68CC
:104670001A6100BF1437BD4680BC704780B582B058
:1046800000AF0346FB80084B5A69FB881340002BA0
:1046900006D0054AFB885361FB881846FEF7F4FEF6
:1046A00000BF0837BD4680BD00040140F0B58BB0A7
:1046B00006AF78607B68002B01D10123F1E07B68B5
:1046C00093F8A932DBB2002B06D17B68002283F875
:1046D000A822786807F032FB7B68032283F8A922BE
:1046E0007B681B68184602F0B3FF7B681B683B6061
:1046F0007E686D4606F110040FCC0FC523682B6051
:10470000331D0ECB386802F07DFF0346002B05D029
:104710007B68022283F8A9220123C2E07B681B6820
:104720000021184602F0AEFF0023FB7340E0FB7B44
:1047300079685A1C13469B001344DB000B44013379
:1047400001221A70FB7B79685A1C13469B001344A4
:10475000DB000B44FA7B1A70FB7B79685A1C13460A
:104760009B001344DB000B44033300221A70FA7BD6
:10477000796813469B001344DB000B443833002256
:104780001A60FA7B796813469B001344DB000B44E4
:104790003C3300221A60FA7B796813469B0013446D
:1047A000DB000B44403300221A60FB7B0133FB73B8
:1047B000FA7B7B685B689A42B9D30023FB7344E0C1
:1047C000FA7B796813469B001344DB000B4403F229
:1047D000691300221A70FA7B796813469B00134410
:1047E000DB000B4403F5B473FA7B1A70FA7B79682B
:1047F00013469B001344DB000B4403F26B130022AF
:104800001A70FA7B796813469B001344DB000B4453
:1048100003F5BC7300221A60FA7B796813469B008B
:104820001344DB000B4403F5BE7300221A60FA7BCD
:10483000796813469B001344DB000B4403F5C073F7
:1048400000221A60FB7B0133FB73FA7B7B685B6899
:104850009A42B5D37B681B683B607E686D4606F163
:1048600010040FCC0FC523682B60331D0ECB3868A6
:1048700002F014FF0346002B05D07B68022283F868
:10488000A92201230DE07B68002283F824207B68A5
:10489000012283F8A9227B681B68184605F095F968
:1048A000002318461437BD46F0BD80B582B000AF76
:1048B00078607B6893F8A832012B01D1022316E0BF
:1048C0007B68012283F8A8227B681B68184602F0E7
:1048D000A9FE0121786807F0A4FC7B681B681846D4
:1048E00005F069F97B68002283F8A82200231846A6
:1048F0000837BD4680BD80B588B000AF78607B6862
:104900001B68184605F06BF9B861BB6903F40043F6
:10491000002B03D0786800F01BFB19E1BB6903F49E
:104920008063002B13D07B681B68B3F844309AB2C5
:104930007B681B6822F4806292B2A3F844207868F6
:1049400007F077FA0021786800F005F900E1BB690B
:1049500003F48043002B0CD07B681B68B3F8443011
:104960009AB27B681B6822F4804292B2A3F844207A
:10497000EEE0BB6903F40053002B0CD07B681B688E
:10498000B3F844309AB27B681B6822F4005292B2AA
:10499000A3F84420DCE0BB6903F48053002B27D04C
:1049A0007B681B68B3F840309AB27B681B6822F0C2
:1049B000040292B2A3F840207B681B68B3F8403031
:1049C0009AB27B681B6822F0080292B2A3F84020DA
:1049D000786807F067FA7B681B68B3F844309AB2CE
:1049E0007B681B6822F4805292B2A3F84420AFE0A7
:1049F000BB6903F40063002B00F083800023FB7786
:104A000010E07B681B681A46FB7F9B001A44FB7F03
:104A1000128892B25B0020333B4423F8182CFB7FB2
:104A20000133FB77FB7F072BEBD97B681B68B3F85F
:104A300040309AB27B681B6842F0010292B2A3F840
:104A400040207B681B68B3F840309AB27B681B68D3
:104A500022F0010292B2A3F8402000BF7B681B68DD
:104A6000B3F844309BB203F48063002BF6D07B682C
:104A70001B68B3F844309AB27B681B6822F48062EA
:104A800092B2A3F844200023FB770FE0FB7F7A6803
:104A900012681146FA7F92000A445B0020333B44BF
:104AA00033F8183C1380FB7F0133FB77FB7F072B28
:104AB000ECD97B681B68B3F840309AB27B681B68FE
:104AC00042F0080292B2A3F840207B681B68B3F85A
:104AD00044309AB27B681B6822F4006292B2A3F859
:104AE00044207B681B68B3F840309AB27B681B682F
:104AF00042F0040292B2A3F84020786807F0B8F9B7
:104B000026E0BB6903F40073002B0FD07B681B68A1
:104B1000B3F844309AB27B681B6822F4007292B2F8
:104B2000A3F84420786807F076F911E0BB6903F434
:104B30008073002B0CD07B681B68B3F844309AB2AA
:104B40007B681B6822F4807292B2A3F8442000BFF5
:104B50002037BD4680BD80B582B000AF78600B467F
:104B6000FB707B6893F8A832012B01D1022313E07C
:104B70007B68012283F8A8227B68FA7883F82420D6
:104B80007B681B68FA781146184605F001F87B68C7
:104B9000002283F8A822002318460837BD4680BDAE
:104BA00080B584B000AF7860084611461A460346C7
:104BB000FB700B463B801346BB700023FB7297F9DA
:104BC0000330002B0EDAFB7803F007035A1C134660
:104BD0009B001344DB007A681344FB60FB680122EE
:104BE0005A700EE0FB7803F0070213469B00134453
:104BF000DB0003F5B4737A681344FB60FB680022A2
:104C00005A70FB7803F00703DAB2FB681A703A882F
:104C1000FB681A61FB68BA78DA70BB78022B02D1A4
:104C2000FB6800221A717B6893F8A832012B01D12E
:104C300002230EE07B68012283F8A8227B681B68B0
:104C4000F968184602F04AFD7B68002283F8A82222
:104C5000FB7A18461037BD4680BD80B584B000AFE2
:104C600078600B46FB7097F90330002B0EDAFB7867
:104C700003F007035A1C13469B001344DB007A68B9
:104C80001344FB60FB6801225A700EE0FB7803F0CE
:104C9000070213469B001344DB0003F5B4737A68E4
:104CA0001344FB60FB6800225A70FB7803F0070393
:104CB000DAB2FB681A707B6893F8A832012B01D135
:104CC00002230EE07B68012283F8A8227B681B6820
:104CD000F968184603F0C2F87B68002283F8A8221E
:104CE000002318461037BD4680BD80B586B000AFA2
:104CF000F8607A603B600B46FB72FB7A03F00702B8
:104D000013469B001344DB0003F5B473FA681344A5
:104D10007B617B697A685A617B693A689A617B69D1
:104D20000022DA617B6900225A70FB7A03F00703E4
:104D3000DAB27B691A70FB681B687969184603F060
:104D400079FA002318461837BD4680BD80B483B079
:104D500000AF78600B46FB70FB7803F007027968C0
:104D600013469B001344DB000B4403F5C2731B681E
:104D700018460C37BD4680BC704780B586B000AF82
:104D8000F8607A603B600B46FB72FB7A03F0070326
:104D90005A1C13469B001344DB00FA6813447B61E2
:104DA0007B697A685A617B693A689A617B690122FA
:104DB00083F824207B693A681A627B690022DA61F1
:104DC0007B6901225A70FB7A03F00703DAB27B6930
:104DD0001A70FB681B687969184603F02BFA0023E8
:104DE00018461837BD4680BD80B584B000AF7860E6
:104DF0000B46FB70FB7803F007027B685B689A4206
:104E000001D901234CE097F90330002B0EDAFB782F
:104E100003F007035A1C13469B001344DB007A6817
:104E20001344FB60FB6801225A700CE0FA781346C9
:104E30009B001344DB0003F5B4737A681344FB60F2
:104E4000FB6800225A70FB6801229A70FB7803F01D
:104E50000703DAB2FB681A707B6893F8A832012B5B
:104E600001D102231CE07B68012283F8A8227B6821
:104E70001B68F968184604F08EFDFB7803F0070301
:104E8000002B08D17B681A687B6803F52C731946E0
:104E9000104604F0B3FE7B68002283F8A8220023AA
:104EA00018461037BD4680BD80B584B000AF78602D
:104EB0000B46FB70FB7803F00F027B685B689A423D
:104EC00001D9012340E097F90330002B0EDAFB787B
:104ED00003F007035A1C13469B001344DB007A6857
:104EE0001344FB60FB6801225A700EE0FB7803F06C
:104EF000070213469B001344DB0003F5B4737A6882
:104F00001344FB60FB6800225A70FB6800229A7011
:104F1000FB7803F00703DAB2FB681A707B6893F83A
:104F2000A832012B01D102230EE07B68012283F815
:104F3000A8227B681B68F968184604F07CFD7B6832
:104F4000002283F8A822002318461037BD4680BDF2
:104F500080B596B000AF7860BEE37B681B68B3F89D
:104F60004430A7F84E30B7F84E30DBB203F00F03F1
:104F700087F84D3097F84D30002B40F07881B7F826
:104F80004E3003F01003002B51D17B681B681B8847
:104F90009BB223F4E14323F07003FB817B681A6822
:104FA000FB896FEA43436FEA53439BB213807B68EC
:104FB00028337B657B681B68B3F850309BB21A4678
:104FC0007B6D1B78DB00134402335B007A68126848
:104FD000134403F580631B88C3F309027B6DDA6118
:104FE0007B6D5A697B6DDB691A447B6D5A610021C8
:104FF000786806F0F6FE7B6893F82430DBB2002B6D
:1050000000F06A837B6D9B69002B40F065837B68B1
:1050100093F82430DBB263F07F03DAB27B681B685D
:10502000A3F84C207B68002283F8242054E37B689B
:1050300003F5B4737B657B681B681B88A7F84A304F
:10504000B7F84A3003F40063002B34D07B681B6848
:10505000B3F850309BB21A467B6D1B78DB001344CB
:1050600006335B007A681268134403F580631B887B
:10507000C3F309027B6DDA617B6818687B6803F50E
:105080002C717B6DDA887B6DDB699BB204F006FEC8
:105090007B681B681B889AB240F68F7313403B8273
:1050A0007B681B683A8A42F0800292B21A80786864
:1050B00006F06AFE10E3B7F94A30002B80F20C8349
:1050C0007B681B681B889AB240F68F731340FB8382
:1050D0007B681B68FA8B42F0800292B21A807B6870
:1050E0001B68B3F850309BB21A467B6D1B78DB000F
:1050F000134406335B007A681268134403F5806337
:105100001B88C3F309027B6DDA617B6DDB69002BC1
:1051100019D07B6D5B69002B15D07B6818687B6D9F
:1051200059697B6DDA887B6DDB699BB204F0B6FD53
:105130007B6D5A697B6DDB691A447B6D5A61002176
:10514000786806F033FE7B681B681B88A7F84A3036
:10515000B7F84A3003F40063002B40F0BD82B7F883
:105160004A3003F44053B3F5405F00F0B5827B68EA
:105170001B68BB617B681B68B3F850309BB21A4652
:10518000BB691344BB61BB6903F20C437B617B6960
:105190001B889BB2C3F309039AB27B691A807B6DAB
:1051A0001B693E2B1DD97B6D1B695B097B647B6D85
:1051B0001B6903F01F03002B02D17B6C013B7B6456
:1051C0007B691B889AB27B6C9BB29B029BB2134398
:1051D0009BB26FEA43436FEA53439AB27B691A80EA
:1051E00026E07B6D1B69002B0AD17B691B889BB273
:1051F0006FEA43436FEA53439AB27B691A8017E020
:105200007B6D1B695B087B647B6D1B6903F001038D
:10521000002B02D07B6C01337B647B691B889AB2C4
:105220007B6C9BB29B029BB213439AB27B691A8040
:105230007B681B681B889BB223F4804323F07003B8
:105240007B827B8A83F480537B827B8A83F4005346
:105250007B827B681A687B8A43F07F4343F47F0339
:1052600043F4004343F080039BB2138034E27B6835
:105270001B681A4697F84D309B0013441B88A7F80B
:105280004A30B7F94A30002B80F2FC807B681B68FB
:105290001A4697F84D309B0013441B889AB240F68B
:1052A0008F731340A7F848307B681B681A4697F83D
:1052B0004D309B001344B7F8482042F0800292B270
:1052C0001A8097F84D2013469B001344DB0003F52A
:1052D000B4737A6813447B657B6D1B7B002B25D1EF
:1052E0007B681B68B3F850309BB21A467B6D1B7805
:1052F000DB00134406335B007A681268134403F53D
:1053000080631B88C3F30903A7F85030B7F8503007
:10531000002B00F092807B6818687B6D59697B6D6B
:10532000DA88B7F8503004F0B9FC86E07B6DDB78A2
:10533000022B0AD1B7F84A301A46796D786800F026
:10534000D9F90346A7F8503077E07B681B681A4606
:105350007B6D1B789B0013441B889BB223F4E043B6
:1053600023F07003A7F852307B681B681A467B6DE8
:105370001B789B001A44B7F8523043F07F4343F444
:105380007F0343F4004343F0C0039BB213807B6868
:105390001B681A467B6D1B789B0013441B889BB2CD
:1053A00003F48043002B24D07B681B68B3F8503093
:1053B0009BB21A467B6D1B78DB00134402335B0003
:1053C0007A681268134403F580631B88C3F30903EA
:1053D000A7F85030B7F85030002B2ED07B681868F3
:1053E0007B6D59697B6D1A89B7F8503004F056FC13
:1053F00023E07B681B68B3F850309BB21A467B6D84
:105400001B78DB00134406335B007A681268134490
:1054100003F580631B88C3F30903A7F85030B7F87E
:105420005030002B09D07B6818687B6D59697B6D03
:105430005A89B7F8503004F031FC7B6DDA69B7F85F
:1054400050301A447B6DDA617B6D5A69B7F8503081
:105450001A447B6D5A617B6D9B69002B05D0B7F8B0
:1054600050207B6D1B699A4206D27B6D1B781946D2
:10547000786806F09BFC05E07B681B68796D184630
:1054800002F0D8FEB7F84A3003F08003002B00F09A
:10549000238197F84D305A1C13469B001344DB00C0
:1054A0007A6813447B657B681B681A4697F84D3011
:1054B0009B0013441B889BB223F4E14323F0700349
:1054C000A7F842307B681B681A4697F84D309B005E
:1054D0001A44B7F842306FEA43436FEA53439BB232
:1054E00013807B6DDB78012B40F0A2807B6D002266
:1054F0009A617B6D1B7B002B00F09380B7F84A30DC
:1055000003F04003002B46D07B6D5B78002B26D147
:105510007B681B687B627B681B68B3F850309BB26A
:105520001A467B6A13447B627B6D1B781A017B6A87
:10553000134403F204433B623B6A1B889BB2C3F3F0
:1055400009039AB23B6A1A803B6A1B889BB26FEAD6
:1055500043436FEA53439AB23B6A1A8061E07B6D22
:105560005B78012B5DD17B681B68FB627B681B68E5
:10557000B3F850309BB21A46FB6A1344FB627B6D52
:105580001B781A01FB6A134403F20443BB62BB6A33
:1055900000221A8045E07B681B68FB637B6D5B78AB
:1055A000002B26D17B681B687B637B681B68B3F884
:1055B00050309BB21A467B6B13447B637B6D1B7828
:1055C0001A017B6B134403F20C433B633B6B1B8858
:1055D0009BB2C3F309039AB23B6B1A803B6B1B88E7
:1055E0009BB26FEA43436FEA53439AB23B6B1A8014
:1055F00017E07B6D5B78012B13D17B681B68B3F8D8
:1056000050309BB21A46FB6B1344FB637B6D1B78D7
:105610001A01FB6B134403F20C43BB63BB6B002208
:105620001A807B6D1B781946786806F0DAFB53E028
:10563000B7F84A3003F48073002B46D17B681B68AF
:10564000B3F850309BB21A467B6D1B78DB001344D5
:1056500002335B007A681268134403F580631B8889
:10566000C3F30903A7F840307B6D9A69B7F840305F
:105670009A4207D97B6D9A69B7F84030D21A7B6D90
:105680009A6102E07B6D00229A617B6D9B69002B21
:1056900006D17B6D1B781946786806F0A2FB1BE0EB
:1056A0007B6D5A69B7F840301A447B6D5A617B6D47
:1056B000DA69B7F840301A447B6DDA617B681B68A1
:1056C000796D184602F0B6FD06E0B7F84A301A4682
:1056D000796D786800F01BF97B681B68B3F844307B
:1056E0009BB21BB2002BFFF638AC0023184658378C
:1056F000BD4680BD80B588B000AFF860B960134684
:10570000FB80FB8803F48043002B7ED0FB681B6882
:10571000B3F850309BB21A46BB681B78DB001344C9
:1057200002335B00FA681268134403F580631B8838
:10573000C3F309037B83BB689A697B8B9A4206D3C8
:10574000BB689A697B8BD21ABB689A6102E0BB681E
:1057500000229A61BB689B69002B23D1FB681B6800
:105760001A46BB681B789B0013441B889BB223F42A
:10577000804323F070033B833B8B83F400533B83D4
:10578000FB681B681A46BB681B789B001A443B8B5E
:1057900043F07F4343F47F0343F4004343F080032B
:1057A0009BB21380FB8803F04003002B1FD0FB68E3
:1057B0001B681A46BB681B789B0013441B889BB26E
:1057C00023F4E04323F07003FB82FB681B681A4656
:1057D000BB681B789B001A44FB8A43F07F4343F469
:1057E0007F0343F4004343F0C0039BB213807B8BE1
:1057F000002B00F08780FB681868BB685969BB689C
:105800001A897B8B04F04AFA7CE0FB681B68B3F8CA
:1058100050309BB21A46BB681B78DB00134406333A
:105820005B00FA681268134403F580631B88C3F3B6
:1058300009037B83BB689A697B8B9A4206D3BB685A
:105840009A697B8BD21ABB689A6102E0BB6800221E
:105850009A61BB689B69002B23D1FB681B681A46C1
:10586000BB681B789B0013441B889BB223F48043C6
:1058700023F07003FB83FB8B83F40053FB83FB68F3
:105880001B681A46BB681B789B001A44FB8B43F0CD
:105890007F4343F47F0343F4004343F080039BB210
:1058A0001380FB8803F04003002B1FD1FB681B68AB
:1058B0001A46BB681B789B0013441B889BB223F4D9
:1058C000E04323F07003BB83FB681B681A46BB6888
:1058D0001B789B001A44BB8B43F07F4343F47F0348
:1058E00043F4004343F0C0039BB213807B8B002B37
:1058F00008D0FB681868BB685969BB685A897B8BFC
:1059000004F0CCF97B8B18462037BD4680BD80B5AE
:10591000A4B000AFF860B9601346FB80FB8803F0C9
:105920004003002B00F0DD81FB681B68B3F85030AA
:105930009BB21A46BB681B78DB00134402335B0042
:10594000FA681268134403F580631B88C3F30903E4
:10595000A7F88630BB689A69B7F886309A4207D9AB
:10596000BB689A69B7F88630D21ABB689A6102E0C0
:10597000BB6800229A61BB689B69002B40F0B9802C
:10598000BB685B78002B26D1FB681B68FB62FB6859
:105990001B68B3F850309BB21A46FB6A1344FB6293
:1059A000BB681B781A01FB6A134403F20443BB6211
:1059B000BB6A1B889BB2C3F309039AB2BB6A1A8005
:1059C000BB6A1B889BB26FEA43436FEA53439AB2A8
:1059D000BB6A1A801AE0BB685B78012B16D1FB68A2
:1059E0001B687B63FB681B68B3F850309BB21A4698
:1059F0007B6B13447B63BB681B781A017B6B13447E
:105A000003F204433B633B6B00221A80FB681B6874
:105A10007B62BB685B78002B26D1FB681B68FB614F
:105A2000FB681B68B3F850309BB21A46FB691344FD
:105A3000FB61BB681B781A01FB69134403F20C433A
:105A4000BB61BB691B889BB2C3F309039AB2BB69F4
:105A50001A80BB691B889BB26FEA43436FEA5343CA
:105A60009AB2BB691A8017E0BB685B78012B13D12F
:105A7000FB681B68B3F850309BB21A467B6A13442C
:105A80007B62BB681B781A017B6A134403F20C43E8
:105A90003B623B6A00221A80BB681B781946F86893
:105AA00006F09FF9FB8803F48043002B00F0FC8292
:105AB000FB681B681A46BB681B789B0013441B8855
:105AC0009BB223F4E04323F07003FB82FB681B6866
:105AD0001A46BB681B789B001A44FB8A43F07F433D
:105AE00043F47F0343F4404343F080039BB21380AD
:105AF000DAE2FB8803F48043002B21D0FB681B68AB
:105B00001A46BB681B789B0013441B889BB223F486
:105B1000E04323F07003A7F88A30FB681B681A463D
:105B2000BB681B789B001A44B7F88A3043F07F4368
:105B300043F47F0343F4404343F080039BB213805C
:105B4000BB6893F82430012B40F0AE82BB685A69E1
:105B5000B7F886301A44BB685A61BB68DA69B7F88F
:105B600086301A44BB68DA61BB681A6ABB681B6975
:105B70009A420BD3BB681B69C7F88C30BB681A6AA2
:105B8000D7F88C30D21ABB681A6217E0BB681B6A60
:105B9000002B08D1B7F88630C7F88C30BB680022DC
:105BA00083F824200AE0BB68002283F82420BB6825
:105BB0001B6AC7F88C30BB6800221A62BB685B782E
:105BC000002B65D1FB681B68FB63FB681B68B3F89F
:105BD00050309BB21A46FB6B1344FB63BB681B78C7
:105BE0001A01FB6B134403F20443BB63BB6B1B88BA
:105BF0009BB2C3F309039AB2BB6B1A80D7F88C30FF
:105C00003E2B1DD9D7F88C305B09BB64D7F88C309C
:105C100003F01F03002B02D1BB6C013BBB64BB6BC9
:105C20001B889AB2BB6C9BB29B029BB213439BB284
:105C30006FEA43436FEA53439AB2BB6B1A8044E066
:105C4000D7F88C30002B0AD1BB6B1B889BB26FEA54
:105C500043436FEA53439AB2BB6B1A8035E0D7F8DF
:105C60008C305B08BB64D7F88C3003F00103002B49
:105C700002D0BB6C0133BB64BB6B1B889AB2BB6C9C
:105C80009BB29B029BB213439AB2BB6B1A801CE07F
:105C9000BB685B78012B18D1FB681B687B64FB68D1
:105CA0001B68B3F850309BB21A467B6C13447B647C
:105CB000BB681B781A017B6C134403F204433B64FA
:105CC000D7F88C309AB23B6C1A80FB681868BB68B6
:105CD0005969BB681A89D7F88C309BB203F099FFD9
:105CE000E2E1FB681B68B3F850309BB21A46BB6810
:105CF0001B78DB00134406335B00FA681268134418
:105D000003F580631B88C3F30903A7F88630BB68DB
:105D10009A69B7F886309A4207D3BB689A69B7F890
:105D20008630D21ABB689A6102E0BB6800229A6191
:105D3000BB689B69002B40F0C080BB685B78002B80
:105D400026D1FB681B68FB67FB681B68B3F8503003
:105D50009BB21A46FB6F1344FB67BB681B781A01A2
:105D6000FB6F134403F20443BB67BB6F1B889BB2FA
:105D7000C3F309039AB2BB6F1A80BB6F1B889BB237
:105D80006FEA43436FEA53439AB2BB6F1A801AE03B
:105D9000BB685B78012B16D1FB681B687B66FB68D0
:105DA0001B68B3F850309BB21A467B6E13447B6677
:105DB000BB681B781A017B6E134403F204433B66F5
:105DC0003B6E00221A80FB681B687B67BB685B78B0
:105DD000002B2BD1FB681B68FB66FB681B68B3F8C4
:105DE00050309BB21A46FB6E1344FB66BB681B78AF
:105DF0001A01FB6E134403F20C43C7F88030D7F846
:105E000080301B889BB2C3F309039AB2D7F8803065
:105E10001A80D7F880301B889BB26FEA43436FEA41
:105E200053439AB2D7F880301A8017E0BB685B788A
:105E3000012B13D1FB681B68B3F850309BB21A4694
:105E40007B6F13447B67BB681B781A017B6F13441D
:105E500003F20C433B673B6F00221A80BB681B7840
:105E60001946F86805F0BDFFFB8803F48043002B5A
:105E700040F01A81FB681B681A46BB681B789B00C0
:105E800013441B889BB223F4E04323F07003A7F86C
:105E90008830FB681B681A46BB681B789B001A4455
:105EA000B7F8883043F07F4343F47F0343F4404323
:105EB00043F080039BB21380F6E0FB8803F4804339
:105EC000002B21D1FB681B681A46BB681B789B001E
:105ED00013441B889BB223F4E04323F07003A7F81C
:105EE0004E30FB681B681A46BB681B789B001A443F
:105EF000B7F84E3043F07F4343F47F0343F440430D
:105F000043F080039BB21380BB6893F82430012BCD
:105F100040F0CA80BB685A69B7F886301A44BB683B
:105F20005A61BB68DA69B7F886301A44BB68DA612F
:105F3000BB681A6ABB681B699A420BD3BB681B69B2
:105F4000C7F88C30BB681A6AD7F88C30D21ABB6895
:105F50001A6217E0BB681B6A002B08D1B7F88630BD
:105F6000C7F88C30BB68002283F824200AE0BB68A5
:105F70001B6AC7F88C30BB6800221A62BB6800221B
:105F800083F82420FB681B687B65BB685B78002B6B
:105F900065D1FB681B68FB65FB681B68B3F8503074
:105FA0009BB21A46FB6D1344FB65BB681B781A0154
:105FB000FB6D134403F20C43BB65BB6D1B889BB2A6
:105FC000C3F309039AB2BB6D1A80D7F88C303E2B0D
:105FD0001DD9D7F88C305B09BB66D7F88C3003F03D
:105FE0001F03002B02D1BB6E013BBB66BB6D1B8840
:105FF0009AB2BB6E9BB29B029BB213439BB26FEAF9
:1060000043436FEA53439AB2BB6D1A8041E0D7F81D
:106010008C30002B0AD1BB6D1B889BB26FEA4343C7
:106020006FEA53439AB2BB6D1A8032E0D7F88C30D6
:106030005B08BB66D7F88C3003F00103002B02D05D
:10604000BB6E0133BB66BB6D1B889AB2BB6E9BB245
:106050009B029BB213439AB2BB6D1A8019E0BB68D6
:106060005B78012B15D1FB681B68B3F850309BB2ED
:106070001A467B6D13447B65BB681B781A017B6DE8
:10608000134403F20C433B65D7F88C309AB23B6D56
:106090001A80FB681868BB685969BB685A89D7F8C9
:1060A0008C309BB203F0B5FDFB681B681A46BB68D9
:1060B0001B789B0013441B889BB223F4E04323F01E
:1060C0004003BB82BB8A83F01003BB82BB8A83F090
:1060D0002003BB82FB681B681A46BB681B789B00C9
:1060E0001A44BB8A43F07F4343F47F0343F40043E5
:1060F00043F080039BB21380002318469037BD46BF
:1061000080BD80B487B000AFF8607B600B467B81B8
:1061100013463B817B8903F080039BB2002B0BD09D
:106120007B8903F007035A1C13469B001344DB00D2
:10613000FA6813447B6109E07A8913469B00134493
:10614000DB0003F5B473FA6813447B613B89002BD1
:1061500007D17B6900221A737B689AB27B69DA8067
:106160000BE07B6901221A737B689AB27B691A8102
:106170007B681B0C9AB27B695A81002318461C3736
:10618000BD4680BC7047000080B586B000AF786027
:106190007B68002B01D1012372E27B681B6803F04E
:1061A0000103002B00F08780924B5B6803F00C0327
:1061B000042B0CD08F4B5B6803F00C03082B12D11F
:1061C0008C4B5B6803F48033B3F5803F0BD1894B74
:1061D0001B6803F40033002B6CD07B685B68002BDA
:1061E00068D101234CE27B685B68B3F5803F06D140
:1061F000804B1B687F4A43F4803313602EE07B683A
:106200005B68002B0CD17B4B1B687A4A23F48033EC
:106210001360784B1B68774A23F4802313601DE0DA
:106220007B685B68B3F5A02F0CD1724B1B68714A79
:1062300043F4802313606F4B1B686E4A43F4803332
:1062400013600BE06B4B1B686A4A23F480331360C6
:10625000684B1B68674A23F4802313607B685B6884
:10626000002B13D0FDF778FC386108E0FDF774FCD3
:1062700002463B69D31A642B01D9032300E25D4B2C
:106280001B6803F40033002BF0D014E0FDF764FC2E
:10629000386108E0FDF760FC02463B69D31A642BC5
:1062A00001D90323ECE1534B1B6803F40033002BAB
:1062B000F0D100E000BF7B681B6803F00203002BF5
:1062C00063D04C4B5B6803F00C03002B0BD0494BA5
:1062D0005B6803F00C03082B1CD1464B5B6803F48E
:1062E0008033002B16D1434B1B6803F00203002BB5
:1062F00005D07B681B69012B01D00123C0E13D4B18
:106300001B6823F0F8027B685B69DB0039491343A3
:106310000B603AE07B681B69002B20D0364B0122D2
:106320001A60FDF719FC386108E0FDF715FC02461C
:106330003B69D31A022B01D90323A1E12D4B1B6822
:1063400003F00203002BF0D02A4B1B6823F0F80265
:106350007B685B69DB00274913430B6015E0264B24
:1063600000221A60FDF7F8FB386108E0FDF7F4FB46
:1063700002463B69D31A022B01D9032380E11D4B4E
:106380001B6803F00203002BF0D17B681B6803F04D
:106390000803002B3AD07B689B69002B19D0174B60
:1063A00001221A60FDF7D8FB386108E0FDF7D4FB45
:1063B00002463B69D31A022B01D9032360E10D4B3E
:1063C0005B6A03F00203002BF0D0012000F09CFA7E
:1063D0001CE00A4B00221A60FDF7BEFB38610FE09B
:1063E000FDF7BAFB02463B69D31A022B08D90323F7
:1063F00046E100BF001002400000424280044242D9
:10640000924B5B6A03F00203002BE9D17B681B68A7
:1064100003F00403002B00F0A6800023FB758B4BD8
:10642000DB6903F08053002B0DD1884BDB69874A71
:1064300043F08053D361854BDB6903F08053BB602D
:10644000BB680123FB75824B1B6803F48073002B30
:1064500018D17F4B1B687E4A43F480731360FDF7AD
:106460007BFB386108E0FDF777FB02463B69D31AF6
:10647000642B01D9032303E1754B1B6803F480737C
:10648000002BF0D07B68DB68012B06D16F4B1B6AB9
:106490006E4A43F0010313622DE07B68DB68002B3A
:1064A0000CD16A4B1B6A694A23F001031362674BE4
:1064B0001B6A664A23F0040313621CE07B68DB68F6
:1064C000052B0CD1614B1B6A604A43F00403136235
:1064D0005E4B1B6A5D4A43F0010313620BE05B4BAA
:1064E0001B6A5A4A23F001031362584B1B6A574A2E
:1064F00023F0040313627B68DB68002B15D0FDF7E3
:106500002BFB38610AE0FDF727FB02463B69D31AF3
:1065100041F28832934201D90323B1E04B4B1B6A0D
:1065200003F00203002BEED014E0FDF715FB3861F9
:106530000AE0FDF711FB02463B69D31A41F28832AB
:10654000934201D903239BE0404B1B6A03F00203F3
:10655000002BEED1FB7D012B05D13C4BDB693B4A87
:1065600023F08053D3617B68DB69002B00F08780C8
:10657000364B5B6803F00C03082B61D07B68DB694A
:10658000022B46D1334B00221A60FDF7E5FA386141
:1065900008E0FDF7E1FA02463B69D31A022B01D964
:1065A00003236DE0294B1B6803F00073002BF0D12F
:1065B0007B681B6AB3F5803F08D1244B5B6823F4EA
:1065C00000327B689B68214913434B601F4B5B681B
:1065D00023F474127B68196A7B685B6A0B431B495E
:1065E00013434B601B4B01221A60FDF7B5FA38616B
:1065F00008E0FDF7B1FA02463B69D31A022B01D934
:1066000003233DE0114B1B6803F00073002BF0D017
:1066100035E0104B00221A60FDF79EFA386108E061
:10662000FDF79AFA02463B69D31A022B01D90323DC
:1066300026E0064B1B6803F00073002BF0D11EE030
:106640007B68DB69012B07D1012319E000100240B0
:1066500000700040600042420B4B5B68FB60FB68CF
:1066600003F480327B681B6A9A4206D1FB6803F40C
:1066700070127B685B6A9A4201D0012300E000231C
:1066800018461837BD4680BD0010024080B584B062
:1066900000AF786039607B68002B01D10123D0E026
:1066A0006A4B1B6803F007033A689A4210D9674B9C
:1066B0001B6823F0070265493B6813430B60634B7B
:1066C0001B6803F007033A689A4201D00123B8E03F
:1066D0007B681B6803F00203002B20D07B681B68DB
:1066E00003F00403002B05D0594B5B68584A43F470
:1066F000E06353607B681B6803F00803002B05D040
:10670000534B5B68524A43F460535360504B5B6891
:1067100023F0F0027B689B684D4913434B607B6814
:106720001B6803F00103002B40D07B685B68012BE2
:1067300007D1474B1B6803F40033002B15D101230D
:106740007FE07B685B68022B07D1414B1B6803F03D
:106750000073002B09D1012373E03D4B1B6803F04C
:106760000203002B01D101236BE0394B5B6823F05E
:1067700003027B685B68364913434B60FDF7ECF915
:10678000F8600AE0FDF7E8F90246FB68D31A41F227
:106790008832934201D9032353E02D4B5B6803F009
:1067A0000C027B685B689B009A42EBD1274B1B680D
:1067B00003F007033A689A4210D2244B1B6823F077
:1067C000070222493B6813430B60204B1B6803F010
:1067D00007033A689A4201D0012332E07B681B68C4
:1067E00003F00403002B08D0194B5B6823F4E0622C
:1067F0007B68DB68164913434B607B681B6803F0BA
:106800000803002B09D0124B5B6823F460527B68AD
:106810001B69DB000E4913434B6000F021F8024670
:106820000B4B5B681B0903F00F030A49CB5C22FA90
:1068300003F3094A1360094B1B681846FDF74AF930
:10684000002318461037BD4680BD00BF002002401F
:1068500000100240F0DA0008400000204400002050
:1068600080B487B000AF0023FB600023BB6000232F
:106870007B6100237B6000233B611E4B5B68FB60F8
:10688000FB6803F00C03042B02D0082B03D027E095
:10689000194B3B6127E0FB689B0C03F00F03174A81
:1068A000D35C7B60FB6803F48033002B10D0114B6A
:1068B0005B685B0C03F00103114AD35CBB607B682F
:1068C0000D4A03FB02F2BB68B2FBF3F37B6104E009
:1068D0007B680C4A02FB03F37B617B693B6102E04E
:1068E000054B3B6100BF3B6918461C37BD4680BC69
:1068F000704700BF0010024000127A0000DB000861
:1069000010DB000800093D0080B485B000AF78605E
:106910000A4B1B680A4AA2FB03235B0A7A6802FB44
:1069200003F3FB6000BFFB685A1EFA60002BF9D12D
:1069300000BF00BF1437BD4680BC70474000002038
:10694000D34D621080B586B000AF786000233B6104
:106950000023FB607B681B6803F00103002B7DD0E4
:106960000023FB754F4BDB6903F08053002B0DD1E7
:106970004C4BDB694B4A43F08053D361494BDB6995
:1069800003F08053BB60BB680123FB75464B1B685B
:1069900003F48073002B18D1434B1B68424A43F425
:1069A00080731360FDF7D8F8386108E0FDF7D4F87C
:1069B00002463B69D31A642B01D903236DE03A4B9D
:1069C0001B6803F48073002BF0D0364B1B6A03F472
:1069D0004073FB60FB68002B2ED07B685B6803F480
:1069E0004073FA689A4227D02E4B1B6A23F44073F7
:1069F000FB602E4B01221A602C4B00221A60294AA0
:106A0000FB681362FB6803F00103002B14D0FDF751
:106A1000A3F838610AE0FDF79FF802463B69D31AF4
:106A200041F28832934201D9032336E01D4B1B6AA1
:106A300003F00203002BEED01A4B1B6A23F44072C2
:106A40007B685B68174913430B62FB7D012B05D103
:106A5000144BDB69134A23F08053D3617B681B68B6
:106A600003F00203002B08D00E4B5B6823F4404276
:106A70007B689B680B4913434B607B681B6803F082
:106A80001003002B08D0074B5B6823F480027B685F
:106A9000DB68044913434B60002318461837BD4692
:106AA00080BD00BF00100240007000404004424220
:106AB00080B582B000AF78607B68002B01D10123E4
:106AC00076E07B685B6A002B08D17B685B68B3F576
:106AD000827F09D07B680022DA6105E07B680022B2
:106AE0001A617B6800225A617B6800229A627B6887
:106AF00093F85130DBB2002B06D17B68002283F87B
:106B000050207868FCF7A8FE7B68022283F85120A9
:106B10007B681B681A687B681B6822F040021A6059
:106B20007B685B6803F482727B689B6803F40443B0
:106B30001A437B68DB6803F400631A437B681B69B4
:106B400003F002031A437B685B6903F001031A43F5
:106B50007B689B6903F400731A437B68DB6903F06D
:106B600038031A437B681B6A03F0800342EA03017F
:106B70007B689B6A03F400527B681B680A431A60B7
:106B80007B689B691A0C7B681B6802F004025A60E0
:106B90007B681B68DA697B681B6822F40062DA6133
:106BA0007B6800225A657B68012283F8512000230C
:106BB00018460837BD4680BD80B588B000AF786004
:106BC0007B681B685B68FB617B681B689B68BB61BB
:106BD000BB6903F04003002B0ED1BB6903F0010336
:106BE000002B09D0FB6903F04003002B04D07B6825
:106BF0001B6C78689847B7E0BB6903F00203002B71
:106C000009D0FB6903F08003002B04D07B685B6C28
:106C100078689847A8E0BB6903F02003002B05D1F2
:106C2000BB6903F04003002B00F09E80FB6903F07A
:106C30002003002B00F09880BB6903F04003002B79
:106C400023D07B6893F85130DBB2032B11D07B68E3
:106C50005B6D43F004027B685A6500237B617B68AF
:106C60001B68DB687B617B681B689B687B617B6959
:106C70000BE000233B617B681B68DB683B617B6842
:106C80001B689B683B613B696EE0BB6903F02003B6
:106C9000002B14D07B685B6D43F001027B685A6562
:106CA0000023FB607B681B689B68FB607B681B683C
:106CB0001A687B681B6822F040021A60FB687B68D8
:106CC0005B6D002B4FD07B681B685A687B681B6824
:106CD00022F0E0025A607B68012283F85120FB69B0
:106CE00003F00203002B04D1FB6903F00103002B26
:106CF00034D07B681B685A687B681B6822F00302EB
:106D00005A607B68DB6C002B11D07B68DB6C184A07
:106D10005A637B68DB6C1846FDF76CFA0346002B60
:106D200005D07B685B6D43F040027B685A657B68E9
:106D30009B6C002B16D07B689B6C0D4A5A637B685A
:106D40009B6C1846FDF756FA0346002B0AD07B6869
:106D50005B6D43F040027B685A6503E0786800F0A1
:106D600009F800E000BF00BF2037BD4680BD00BF6E
:106D7000876D000880B483B000AF786000BF0C3727
:106D8000BD4680BC704780B584B000AF78607B683A
:106D90005B6AFB60FB680022DA87FB680022DA8608
:106DA000F868FFF7E7FF00BF1037BD4680BD80B52C
:106DB00082B000AF78607B68002B01D1012341E0F5
:106DC0007B6893F83D30DBB2002B06D17B68002254
:106DD00083F83C207868FCF791FD7B68022283F8F9
:106DE0003D207B681A687B6804331946104600F022
:106DF000A1FA7B68012283F846207B68012283F890
:106E00003E207B68012283F83F207B68012283F8C3
:106E100040207B68012283F841207B68012283F8AF
:106E200042207B68012283F843207B68012283F89B
:106E300044207B68012283F845207B68012283F887
:106E40003D20002318460837BD4680BD80B485B07C
:106E500000AF78607B6893F83D30DBB2012B01D046
:106E600001233AE07B68022283F83D207B681B689F
:106E7000DA687B681B6842F00102DA607B681B6895
:106E8000184A93420ED07B681B68B3F1804F09D03B
:106E90007B681B68144A934204D07B681B68134AC2
:106EA000934211D17B681B689B6803F00703FB606A
:106EB000FB68062B10D07B681B681A687B681B6810
:106EC00042F001021A6007E07B681B681A687B6861
:106ED0001B6842F001021A60002318461437BD46B1
:106EE00080BC7047002C01400004004000080040B6
:106EF00080B483B000AF78607B681B68DA687B6819
:106F00001B6822F00102DA607B681B681A6A41F292
:106F100011131340002B0FD17B681B681A6A40F2D3
:106F200044431340002B07D17B681B681A687B68B9
:106F30001B6822F001021A607B68012283F83D2061
:106F4000002318460C37BD4680BC704780B582B020
:106F500000AF78607B681B681B6903F00203022B9B
:106F600022D17B681B68DB6803F00203022B1BD174
:106F70007B681B686FF002021A617B6801221A7736
:106F80007B681B689B6903F00303002B03D07868C0
:106F900000F0B4F905E0786800F0A7F9786800F02F
:106FA000B6F97B6800221A777B681B681B6903F0BF
:106FB0000403042B22D17B681B68DB6803F0040305
:106FC000042B1BD17B681B686FF004021A617B687D
:106FD00002221A777B681B689B6903F44073002BBD
:106FE00003D0786800F08AF905E0786800F07DF950
:106FF000786800F08CF97B6800221A777B681B6840
:107000001B6903F00803082B22D17B681B68DB682F
:1070100003F00803082B1BD17B681B686FF0080284
:107020001A617B6804221A777B681B68DB6903F0AE
:107030000303002B03D0786800F060F905E078685E
:1070400000F053F9786800F062F97B6800221A7743
:107050007B681B681B6903F01003102B22D17B682F
:107060001B68DB6803F01003102B1BD17B681B68C7
:107070006FF010021A617B6808221A777B681B6820
:10708000DB6903F44073002B03D0786800F036F915
:1070900005E0786800F029F9786800F038F97B6835
:1070A00000221A777B681B681B6903F00103012B20
:1070B0000ED17B681B68DB6803F00103012B07D14D
:1070C0007B681B686FF001021A617868FCF7FAF8B8
:1070D0007B681B681B6903F08003802B0ED17B68E3
:1070E0001B68DB6803F08003802B07D17B681B687B
:1070F0006FF080021A61786800F07BFA7B681B6889
:107100001B6903F04003402B0ED17B681B68DB68D2
:1071100003F04003402B07D17B681B686FF04002EF
:107120001A61786800F0FCF87B681B681B6903F043
:107130002003202B0ED17B681B68DB6803F0200343
:10714000202B07D17B681B686FF020021A617868DA
:1071500000F046FA00BF0837BD4680BD80B584B058
:1071600000AF786039600023FB737B6893F83C3094
:10717000012B01D10223B4E07B68012283F83C207B
:107180007B68022283F83D207B681B689B68BB609C
:10719000BB6823F07703BB60BB6823F47F43BB600D
:1071A0007B681B68BA689A603B681B68B3F5005F30
:1071B0003ED0B3F5005F00F28780B3F5805F00F04A
:1071C0008680B3F5805F7FD8702B1AD0702B7BD868
:1071D000602B50D0602B77D8502B3CD0502B73D8DD
:1071E000402B58D0402B6FD8302B64D0302B6BD82D
:1071F000202B60D0202B67D8002B5CD0102B5AD0CE
:1072000062E07B6818683B6899683B685A683B682D
:10721000DB6800F068F97B681B689B68BB60BB6833
:1072200043F07703BB607B681B68BA689A604FE0E5
:107230007B6818683B6899683B685A683B68DB68FC
:1072400000F051F97B681B689A687B681B6842F400
:1072500080429A603CE07B6818683B6859683B68EC
:10726000DB681A4600F0C8F87B681B685021184696
:1072700000F01FF92CE07B6818683B6859683B6890
:10728000DB681A4600F0E6F87B681B686021184648
:1072900000F00FF91CE07B6818683B6859683B6890
:1072A000DB681A4600F0A8F87B681B684021184686
:1072B00000F0FFF80CE07B681A683B681B68194611
:1072C000104600F0F6F803E00123FB7300E000BF76
:1072D0007B68012283F83D207B68002283F83C20F4
:1072E000FB7B18461037BD4680BD80B483B000AF2D
:1072F000786000BF0C37BD4680BC704780B483B057
:1073000000AF786000BF0C37BD4680BC704780B4CA
:1073100083B000AF786000BF0C37BD4680BC7047BB
:1073200080B483B000AF786000BF0C37BD4680BC2E
:107330007047000080B485B000AF786039607B682A
:107340001B68FB607B68294A93420BD07B68B3F1D2
:10735000804F07D07B68264A934203D07B68254A3A
:10736000934208D1FB6823F07003FB603B685B68C5
:10737000FA681343FB607B681C4A93420BD07B681E
:10738000B3F1804F07D07B68194A934203D07B68E2
:10739000184A934208D1FB6823F44073FB603B68B2
:1073A000DB68FA681343FB60FB6823F080023B68EC
:1073B0005B691343FB607B68FA681A603B689A68F4
:1073C0007B68DA623B681A687B689A627B68074A66
:1073D000934203D13B681A697B681A637B68012278
:1073E0005A6100BF1437BD4680BC7047002C014075
:1073F000000400400008004080B487B000AFF8608F
:10740000B9607A60FB681B6A7B61FB681B6A23F0CA
:107410000102FB681A62FB689B693B613B6923F0D0
:10742000F0033B617B681B013A6913433B617B6955
:1074300023F00A037B617A69BB6813437B61FB68B5
:107440003A699A61FB687A691A6200BF1C37BD46C7
:1074500080BC704780B487B000AFF860B9607A60D4
:10746000FB681B6A7B61FB681B6A23F01002FB68E8
:107470001A62FB689B693B613B6923F470433B6183
:107480007B681B033A6913433B617B6923F0A003CC
:107490007B61BB681B017A6913437B61FB683A69B6
:1074A0009A61FB687A691A6200BF1C37BD4680BCCE
:1074B000704780B485B000AF786039607B689B68A6
:1074C000FB60FB6823F07003FB603A68FB681343C2
:1074D00043F00703FB607B68FA689A6000BF1437CB
:1074E000BD4680BC704780B487B000AFF860B9601B
:1074F0007A603B60FB689B687B617B6923F47F4318
:107500007B613B681A027B681A43BB6813437A6944
:1075100013437B61FB687A699A6000BF1C37BD46E4
:1075200080BC704780B485B000AF786039607B68FC
:1075300093F83C30012B01D1022346E07B68012205
:1075400083F83C207B68022283F83D207B681B681F
:107550005B68FB607B681B689B68BB60FB6823F013
:107560007003FB603B681B68FA681343FB607B6831
:107570001B68FA685A607B681B68164A93420ED0F3
:107580007B681B68B3F1804F09D07B681B68124A87
:10759000934204D07B681B68104A93420CD1BB68AD
:1075A00023F08003BB603B685B68BA681343BB6031
:1075B0007B681B68BA689A607B68012283F83D206B
:1075C0007B68002283F83C20002318461437BD4610
:1075D00080BC7047002C01400004004000080040BF
:1075E00080B483B000AF786000BF0C37BD4680BC6C
:1075F000704780B483B000AF786000BF0C37BD46E1
:1076000080BC704784B080B483B000AF786007F16D
:10761000140080E80E00002318460C37BD4680BCDD
:1076200004B0704780B485B000AF78607B680022FA
:10763000A3F844204FF43F43FB60FB689AB27B6899
:10764000A3F84020002318461437BD4680BC70477D
:1076500080B485B000AF78604FF43F43FB607B6837
:10766000B3F840309AB2FB689BB2DB439BB2134045
:107670009AB27B68A3F84020002318461437BD4611
:1076800080BC704780B483B000AF78600B46FB705D
:10769000002318460C37BD4680BC704784B080B4C8
:1076A00083B000AF786007F1140080E80E007B68BB
:1076B0000122A3F840207B680022A3F840207B68C9
:1076C0000022A3F844207B680022A3F85020002366
:1076D00018460C37BD4680BC04B0704780B49DB0DE
:1076E00000AF78603960002387F86F307A683B68B4
:1076F0001B789B0013441B889BB223F4EC4323F0BC
:107700007003A7F86C303B68DB78032B1FD801A20D
:1077100052F823F0257700084177000857770008D2
:1077200033770008B7F86C3043F40073A7F86C3077
:1077300012E0B7F86C3043F4C063A7F86C300BE08C
:10774000B7F86C3043F48063A7F86C3004E0012391
:1077500087F86F3000E000BF7A683B681B789B00B9
:107760001A44B7F86C3043F07F4343F47F0343F48B
:10777000004343F080039BB213807A683B681B7818
:107780009B0013441B889BB223F4E04323F0700357
:107790009BB23A6812781343A7F866307A683B6860
:1077A0001B789B001A44B7F8663043F07F4343F4DC
:1077B0007F0343F4004343F080039BB213803B6894
:1077C0001B7B002B40F078813B685B78002B00F03E
:1077D00084807B68BB617B68B3F850309BB21A46EB
:1077E000BB691344BB613B681B781A01BB69134436
:1077F00003F580637B613B68DB885B089BB25B00C1
:107800009AB27B691A807A683B681B789B001344A4
:107810001B887B827B8A03F04003002B1BD07A6895
:107820003B681B789B0013441B889BB223F4E04306
:1078300023F070033B827A683B681B789B001A44F4
:107840003B8A43F07F4343F47F0343F4004343F018
:10785000C0039BB213803B68DB78012B20D07A6891
:107860003B681B789B0013441B889BB223F4E043C6
:1078700023F04003BB81BB8983F02003BB817A687E
:107880003B681B789B001A44BB8943F07F4343F459
:107890007F0343F4004343F080039BB21380D5E29F
:1078A0007A683B681B789B0013441B889BB223F4C7
:1078B000E04323F04003FB817A683B681B789B0020
:1078C0001A44FB8943F07F4343F47F0343F40043AE
:1078D00043F080039BB21380B8E27B683B637B6814
:1078E000B3F850309BB21A463B6B13443B633B6882
:1078F0001B781A013B6B134403F58163FB623B6801
:10790000DB885B089BB25B009AB2FB6A1A807B68DB
:10791000BB627B68B3F850309BB21A46BB6A134413
:10792000BB623B681B781A01BB6A134403F20C4329
:107930007B627B6A1B889BB2C3F309039AB27B6AA2
:107940001A803B681B693E2B1DD93B681B695B098C
:10795000BB663B681B6903F01F03002B02D1BB6EA3
:10796000013BBB667B6A1B889AB2BB6E9BB29B02D3
:107970009BB213439BB26FEA43436FEA53439AB2FD
:107980007B6A1A8026E03B681B69002B0AD17B6A60
:107990001B889BB26FEA43436FEA53439AB27B6AF8
:1079A0001A8017E03B681B695B08BB663B681B6974
:1079B00003F00103002B02D0BB6E0133BB667B6A70
:1079C0001B889AB2BB6E9BB29B029BB213439AB2C6
:1079D0007B6A1A807A683B681B789B0013441B887B
:1079E0007B847B8C03F48043002B1BD07A683B683C
:1079F0001B789B0013441B889BB223F4E04323F0C5
:107A000070033B847A683B681B789B001A443B8C6C
:107A100043F07F4343F47F0343F4404343F0800348
:107A20009BB213803B681B78002B24D17A683B689B
:107A30001B789B0013441B889BB223F4804323F0E4
:107A40007003BB83BB8B83F48053BB83BB8B83F4FA
:107A50000053BB837A683B681B789B001A44BB8B3E
:107A600043F07F4343F47F0343F4004343F0800338
:107A70009BB21380EAE17A683B681B789B00134451
:107A80001B889BB223F4804323F07003FB83FB8BA2
:107A900083F40053FB837A683B681B789B001A448D
:107AA000FB8B43F07F4343F47F0343F4004343F0F5
:107AB00080039BB21380C9E13B68DB78022B1ED1A7
:107AC0007A683B681B789B0013441B889BB223F4A5
:107AD000E04323F07003A7F862307A683B681B78B4
:107AE0009B001A44B7F8623043F07F4343F47F03AE
:107AF00043F4014343F080039BB213801DE07A6896
:107B00003B681B789B0013441B889BB223F4E24321
:107B100023F07003A7F864307A683B681B789B00F9
:107B20001A44B7F8643043F07F4343F47F0343F4CF
:107B3000004343F080039BB213807B68FB657B6846
:107B4000B3F850309BB21A46FB6D1344FB653B689B
:107B50001B781A01FB6D134403F58063BB653B681A
:107B60001B895B089BB25B009AB2BB6D1A807B6875
:107B70007B657B68B3F850309BB21A467B6D13442B
:107B80007B653B681B781A017B6D134403F58163A9
:107B90003B653B685B895B089BB25B009AB23B6DBF
:107BA0001A803B685B78002B40F093807A683B68D2
:107BB0001B789B0013441B88A7F84030B7F840306F
:107BC00003F48043002B1BD07A683B681B789B0032
:107BD00013441B889BB223F4E04323F07003FB871C
:107BE0007A683B681B789B001A44FB8F43F07F4305
:107BF00043F47F0343F4404343F080039BB213807C
:107C00007A683B681B789B0013441B88BB87BB8F3B
:107C100003F04003002B1BD07A683B681B789B0065
:107C200013441B889BB223F4E04323F070037B874B
:107C30007A683B681B789B001A447B8F43F07F4334
:107C400043F47F0343F4004343F0C0039BB213802B
:107C50007A683B681B789B0013441B889BB223F413
:107C6000804323F070033B873B8F83F480533B8733
:107C70003B8F83F400533B877A683B681B789B00FB
:107C80001A443B8F43F07F4343F47F0343F40043A4
:107C900043F080039BB213807A683B681B789B009B
:107CA00013441B889BB223F4E04323F04003FB867C
:107CB0007A683B681B789B001A44FB8E43F07F4335
:107CC00043F47F0343F4004343F080039BB21380EB
:107CD000BCE07A683B681B789B0013441B88A7F8BC
:107CE0004E30B7F84E3003F48043002B1DD07A6835
:107CF0003B681B789B0013441B889BB223F4E04332
:107D000023F07003A7F84C307A683B681B789B001F
:107D10001A44B7F84C3043F07F4343F47F0343F4F5
:107D2000404343F080039BB213807A683B681B7822
:107D30009B0013441B88A7F84A30B7F84A3003F079
:107D40004003002B1DD07A683B681B789B001344CE
:107D50001B889BB223F4E04323F07003A7F848305C
:107D60007A683B681B789B001A44B7F8483043F0A8
:107D70007F4343F47F0343F4004343F0C0039BB2CB
:107D800013803B68DB78012B24D07A683B681B7832
:107D90009B0013441B889BB223F4E04323F0400371
:107DA000A7F84430B7F8443083F02003A7F84430F4
:107DB0007A683B681B789B001A44B7F8443043F05C
:107DC0007F4343F47F0343F4004343F080039BB2BB
:107DD00013801DE07A683B681B789B0013441B8866
:107DE0009BB223F4E04323F04003A7F846307A68BF
:107DF0003B681B789B001A44B7F8463043F07F433A
:107E000043F47F0343F4004343F080039BB21380A9
:107E10007A683B681B789B0013441B889BB223F451
:107E2000804323F07003A7F842307A683B681B78E0
:107E30009B001A44B7F8423043F07F4343F47F037A
:107E400043F4004343F080039BB2138097F86F30F4
:107E500018467437BD4680BC704700BF80B48DB0F3
:107E600000AF786039603B681B7B002B40F08E8050
:107E70003B685B78002B44D07A683B681B789B009A
:107E800013441B88BB81BB8903F04003002B1BD02C
:107E90007A683B681B789B0013441B889BB223F4D1
:107EA000E04323F070037B817A683B681B789B007A
:107EB0001A447B8943F07F4343F47F0343F4004338
:107EC00043F0C0039BB213807A683B681B789B0029
:107ED00013441B889BB223F4E04323F040033B810F
:107EE0007A683B681B789B001A443B8943F07F43C8
:107EF00043F47F0343F4004343F080039BB21380B9
:107F000092E17A683B681B789B0013441B887B8254
:107F10007B8A03F48043002B1BD07A683B681B7874
:107F20009B0013441B889BB223F4E04323F07003AF
:107F30003B827A683B681B789B001A443B8A43F07B
:107F40007F4343F47F0343F4404343F080039BB2F9
:107F500013807A683B681B789B0013441B889BB294
:107F600023F4804323F07003FB817A683B681B781D
:107F70009B001A44FB8943F07F4343F47F0343F49F
:107F8000004343F080039BB213804DE13B685B7874
:107F9000002B40F0A5807A683B681B789B00134457
:107FA0001B883B843B8C03F48043002B1BD07A68F6
:107FB0003B681B789B0013441B889BB223F4E0436F
:107FC00023F07003FB837A683B681B789B001A449C
:107FD000FB8B43F07F4343F47F0343F4404343F080
:107FE00080039BB213807A683B681B789B00134424
:107FF0001B88BB83BB8B03F04003002B1BD07A682C
:108000003B681B789B0013441B889BB223F4E0431E
:1080100023F070037B837A683B681B789B001A44CB
:108020007B8B43F07F4343F47F0343F4004343F0EF
:10803000C0039BB213807A683B681B789B00134493
:108040001B889BB223F4E04323F070033B837A68E0
:108050003B681B789B001A443B8B43F07F4343F4FF
:108060007F0343F4004343F0C0039BB213807A685C
:108070003B681B789B0013441B889BB223F480430E
:1080800023F07003FB827A683B681B789B001A44DC
:10809000FB8A43F07F4343F47F0343F4004343F000
:1080A00080039BB213807A683B681B789B00134463
:1080B0001B889BB223F4E04323F04003BB827A6821
:1080C0003B681B789B001A44BB8A43F07F4343F410
:1080D0007F0343F4004343F080039BB21380A3E08B
:1080E0007A683B681B789B0013441B88FB85FB8DDB
:1080F00003F48043002B1BD07A683B681B789B00FD
:1081000013441B889BB223F4E04323F07003BB8528
:108110007A683B681B789B001A44BB8D43F07F4311
:1081200043F47F0343F4404343F080039BB2138046
:108130007A683B681B789B0013441B887B857B8D8A
:1081400003F04003002B1BD07A683B681B789B0030
:1081500013441B889BB223F4E04323F070033B8558
:108160007A683B681B789B001A443B8D43F07F4341
:1081700043F47F0343F4004343F0C0039BB21380F6
:108180007A683B681B789B0013441B889BB223F4DE
:10819000E04323F07003FB847A683B681B789B0004
:1081A0001A44FB8C43F07F4343F47F0343F4404382
:1081B00043F080039BB213807A683B681B789B0076
:1081C00013441B889BB223F4E04323F04003BB8499
:1081D0007A683B681B789B001A44BB8C43F07F4352
:1081E00043F47F0343F4004343F080039BB21380C6
:1081F0007A683B681B789B0013441B889BB223F46E
:10820000804323F070037B847A683B681B789B0073
:108210001A447B8C43F07F4343F47F0343F40043D1
:1082200043F080039BB21380002318463437BD46C9
:1082300080BC704780B5C2B000AF07F58473A3F56A
:108240008273186007F58473A3F58473196007F5CA
:108250008473A3F584731B685B78012B40F0B786A9
:1082600007F58473A3F584731B689A6907F5847313
:10827000A3F584731B681B699A4208D907F58473B8
:10828000A3F584731B681B69C7F8043107E007F581
:108290008473A3F584731B689B69C7F8043107F5E1
:1082A0008473A3F584731B681B7B002B3AD107F5FD
:1082B0008473A3F584731B68596907F58473A3F568
:1082C00084731B68DA88D7F804319BB207F5847091
:1082D000A0F58270006801F09CFC07F58473A3F59B
:1082E00082731B683B6107F58473A3F582731B6877
:1082F000B3F850309BB21A463B6913443B6107F513
:108300008473A3F584731B681B781A013B691344BB
:1083100003F20443FB60D7F804319AB2FB681A8079
:1083200000F01FBE07F58473A3F584731B68DB7828
:10833000022B40F0628407F58473A3F584731B68F5
:108340001A6A07F58473A3F584731B681B699A4244
:1083500040F2DF8307F58473A3F582731A6807F58B
:108360008473A3F584731B681B789B0013441B88DC
:108370009BB223F4E04323F07003A7F8563007F5CF
:108380008473A3F582731A6807F58473A3F5847365
:108390001B681B789B001A44B7F8563043F07F43A4
:1083A00043F47F0343F4014343F080039BB2138003
:1083B00007F58473A3F584731B681A6AD7F8043130
:1083C000D21A07F58473A3F584731B681A6207F544
:1083D0008473A3F582731A6807F58473A3F5847315
:1083E0001B681B789B0013441B889BB203F040035F
:1083F000002B00F0C78107F58473A3F582731B6817
:108400003B6307F58473A3F584731B685B78002BCB
:1084100077D107F58473A3F582731B68BB6207F5F8
:108420008473A3F582731B68B3F850309BB21A466D
:10843000BB6A1344BB6207F58473A3F584731B689E
:108440001B781A01BB6A134403F20C437B627B6AFC
:108450001B889BB2C3F309039AB27B6A1A80D7F8D0
:1084600004313E2B21D9D7F804315B09C7F800311C
:10847000D7F8043103F01F03002B04D1D7F80031E3
:10848000013BC7F800317B6A1B889AB2D7F80031EC
:108490009BB29B029BB213439BB26FEA43436FEACA
:1084A00053439AB27B6A1A8050E0D7F80431002B0C
:1084B0000AD17B6A1B889BB26FEA43436FEA53433E
:1084C0009AB27B6A1A8041E0D7F804315B08C7F89A
:1084D0000031D7F8043103F00103002B04D0D7F8A2
:1084E00000310133C7F800317B6A1B889AB2D7F894
:1084F00000319BB29B029BB213439AB27B6A1A80F3
:1085000024E007F58473A3F584731B685B78012B63
:108510001CD107F58473A3F582731B68B3F8503040
:108520009BB21A463B6B13443B6307F58473A3F578
:1085300084731B681B781A013B6B134403F20C43D2
:10854000FB62D7F804319AB2FB6A1A8007F584738C
:10855000A3F584731B685B89A7F8763007F58473ED
:10856000A3F584731B685969D7F804319BB2B7F837
:10857000762007F58470A0F58270006801F049FB51
:1085800007F58473A3F584731B685A69D7F804311F
:108590001A4407F58473A3F584731B685A6107F5C1
:1085A0008473A3F584731B681A6A07F58473A3F5B3
:1085B00084731B681B699A420FD907F58473A3F56E
:1085C00084731B681A6AD7F80431D21A07F58473CA
:1085D000A3F584731B681A620EE007F58473A3F594
:1085E00084731B681B6AC7F8043107F58473A3F50D
:1085F00084731B6800221A6207F58473A3F58473E1
:108600001B685B78002B77D107F58473A3F5827321
:108610001B68BB6107F58473A3F582731B68B3F80D
:1086200050309BB21A46BB691344BB6107F5847393
:10863000A3F584731B681B781A01BB69134403F20A
:1086400004437B617B691B889BB2C3F309039AB225
:108650007B691A80D7F804313E2B21D9D7F8043131
:108660005B09C7F8FC30D7F8043103F01F03002B77
:1086700004D1D7F8FC30013BC7F8FC307B691B887C
:108680009AB2D7F8FC309BB29B029BB213439BB2C9
:108690006FEA43436FEA53439AB27B691A8056E00C
:1086A000D7F80431002B0AD17B691B889BB26FEA93
:1086B00043436FEA53439AB27B691A8047E0D7F885
:1086C00004315B08C7F8FC30D7F8043103F001032C
:1086D000002B04D0D7F8FC300133C7F8FC307B699D
:1086E0001B889AB2D7F8FC309BB29B029BB2134313
:1086F0009AB27B691A802AE007F58473A3F5847324
:108700001B685B78012B22D107F58473A3F5827374
:108710001B683B6207F58473A3F582731B68B3F88B
:1087200050309BB21A463B6A13443B6207F5847390
:10873000A3F584731B681B781A013B6A134403F288
:108740000443FB61D7F804319AB2FB691A8007F53C
:108750008473A3F584731B681B89A7F8763007F52B
:108760008473A3F584731B685969D7F804319BB2ED
:10877000B7F8762007F58470A0F58270006801F0E4
:1087800048FAEEE307F58473A3F584731B685B78FE
:10879000002B77D107F58473A3F582731B68BB6444
:1087A00007F58473A3F582731B68B3F850309BB24E
:1087B0001A46BB6C1344BB6407F58473A3F584733A
:1087C0001B681B781A01BB6C134403F204437B64DF
:1087D0007B6C1B889BB2C3F309039AB27B6C1A8033
:1087E000D7F804313E2B21D9D7F804315B09C7F8FB
:1087F000F830D7F8043103F01F03002B04D1D7F869
:10880000F830013BC7F8F8307B6C1B889AB2D7F878
:10881000F8309BB29B029BB213439BB26FEA434377
:108820006FEA53439AB27B6C1A8056E0D7F8043152
:10883000002B0AD17B6C1B889BB26FEA43436FEA23
:1088400053439AB27B6C1A8047E0D7F804315B0837
:10885000C7F8F830D7F8043103F00103002B04D037
:10886000D7F8F8300133C7F8F8307B6C1B889AB220
:10887000D7F8F8309BB29B029BB213439AB27B6C41
:108880001A802AE007F58473A3F584731B685B786C
:10889000012B22D107F58473A3F582731B683B6516
:1088A00007F58473A3F582731B68B3F850309BB24D
:1088B0001A463B6D13443B6507F58473A3F5847337
:1088C0001B681B781A013B6D134403F20443FB64DD
:1088D000D7F804319AB2FB6C1A8007F58473A3F5BC
:1088E00084731B681B89A7F8763007F58473A3F59A
:1088F00084731B685969D7F804319BB2B7F87620A6
:1089000007F58470A0F58270006801F082F907F520
:108910008473A3F584731B685A69D7F804311A4429
:1089200007F58473A3F584731B685A6107F5847394
:10893000A3F584731B681A6A07F58473A3F584731F
:108940001B681B699A420FD907F58473A3F58473DA
:108950001B681A6AD7F80431D21A07F58473A3F595
:1089600084731B681A620EE007F58473A3F58473A1
:108970001B681B6AC7F8043107F58473A3F5847379
:108980001B6800221A6207F58473A3F582731B68C3
:108990003B6407F58473A3F584731B685B78002B35
:1089A00077D107F58473A3F582731B68BB6307F562
:1089B0008473A3F582731B68B3F850309BB21A46D8
:1089C000BB6B1344BB6307F58473A3F584731B6807
:1089D0001B781A01BB6B134403F20C437B637B6B64
:1089E0001B889BB2C3F309039AB27B6B1A80D7F83A
:1089F00004313E2B21D9D7F804315B09C7F8F43094
:108A0000D7F8043103F01F03002B04D1D7F8F4305A
:108A1000013BC7F8F4307B6B1B889AB2D7F8F4306F
:108A20009BB29B029BB213439BB26FEA43436FEA34
:108A300053439AB27B6B1A8050E0D7F80431002B75
:108A40000AD17B6B1B889BB26FEA43436FEA5343A7
:108A50009AB27B6B1A8041E0D7F804315B08C7F803
:108A6000F430D7F8043103F00103002B04D0D7F819
:108A7000F4300133C7F8F4307B6B1B889AB2D7F817
:108A8000F4309BB29B029BB213439AB27B6B1A8069
:108A900024E007F58473A3F584731B685B78012BCE
:108AA0001CD107F58473A3F582731B68B3F85030AB
:108AB0009BB21A463B6C13443B6407F58473A3F5E1
:108AC00084731B681B781A013B6C134403F20C433C
:108AD000FB63D7F804319AB2FB6B1A8007F58473F5
:108AE000A3F584731B685B89A7F8763007F5847358
:108AF000A3F584731B685969D7F804319BB2B7F8A2
:108B0000762007F58470A0F58270006801F081F886
:108B100027E207F58473A3F584731B681B6AC7F803
:108B2000043107F58473A3F582731A6807F584731B
:108B3000A3F584731B681B789B0013441B889BB2AE
:108B400023F4E24323F07003A7F8623007F584733F
:108B5000A3F582731A6807F58473A3F584731B6801
:108B60001B789B001A44B7F8623043F07F4343F40C
:108B70007F0343F4004343F080039BB2138007F567
:108B80008473A3F582731B68FB6507F58473A3F5F3
:108B900082731B68B3F850309BB21A46FB6D1344C6
:108BA000FB6507F58473A3F584731B681B781A01B2
:108BB000FB6D134403F20443BB65D7F804319AB24A
:108BC000BB6D1A8007F58473A3F584731B681B893A
:108BD000A7F8763007F58473A3F584731B68596989
:108BE000D7F804319BB2B7F8762007F58470A0F56A
:108BF0008270006801F00DF8B3E107F58473A3F506
:108C000084731B681A6AD7F80431D21A07F5847383
:108C1000A3F584731B681A6207F58473A3F5827346
:108C20001A6807F58473A3F584731B681B789B008F
:108C300013441B889BB203F04003002B00F0C68056
:108C400007F58473A3F582731B683B6707F584738C
:108C5000A3F584731B685B78002B77D107F58473C9
:108C6000A3F582731B68BB6607F58473A3F5827353
:108C70001B68B3F850309BB21A46BB6E1344BB66F8
:108C800007F58473A3F584731B681B781A01BB6E08
:108C9000134403F20C437B667B6E1B889BB2C3F3C9
:108CA00009039AB27B6E1A80D7F804313E2B21D982
:108CB000D7F804315B09C7F8F030D7F8043103F076
:108CC0001F03002B04D1D7F8F030013BC7F8F03078
:108CD0007B6E1B889AB2D7F8F0309BB29B029BB296
:108CE00013439BB26FEA43436FEA53439AB27B6EDE
:108CF0001A8050E0D7F80431002B0AD17B6E1B8814
:108D00009BB26FEA43436FEA53439AB27B6E1A8079
:108D100041E0D7F804315B08C7F8F030D7F80431E8
:108D200003F00103002B04D0D7F8F0300133C7F86B
:108D3000F0307B6E1B889AB2D7F8F0309BB29B0262
:108D40009BB213439AB27B6E1A8024E007F58473BA
:108D5000A3F584731B685B78012B1CD107F5847322
:108D6000A3F582731B68B3F850309BB21A463B6F71
:108D700013443B6707F58473A3F584731B681B7862
:108D80001A013B6F134403F20C43FB66D7F804311E
:108D90009AB2FB6E1A8007F58473A3F584731B687F
:108DA0005B89A7F8763007F58473A3F584731B6895
:108DB0005969D7F804319BB2B7F8762007F584706B
:108DC000A0F58270006800F024FFCAE007F5847304
:108DD000A3F584731B685B78002B77D107F5847348
:108DE000A3F582731B68FB6707F58473A3F5827391
:108DF0001B68B3F850309BB21A46FB6F1344FB67F5
:108E000007F58473A3F584731B681B781A01FB6F45
:108E1000134403F20443BB67BB6F1B889BB2C3F3CD
:108E200009039AB2BB6F1A80D7F804313E2B21D9BF
:108E3000D7F804315B09C7F8EC30D7F8043103F0F8
:108E40001F03002B04D1D7F8EC30013BC7F8EC30FE
:108E5000BB6F1B889AB2D7F8EC309BB29B029BB2D7
:108E600013439BB26FEA43436FEA53439AB2BB6F1B
:108E70001A805CE0D7F80431002B0AD1BB6F1B8845
:108E80009BB26FEA43436FEA53439AB2BB6F1A80B7
:108E90004DE0D7F804315B08C7F8EC30D7F804315F
:108EA00003F00103002B04D0D7F8EC300133C7F8EE
:108EB000EC30BB6F1B889AB2D7F8EC309BB29B02A8
:108EC0009BB213439AB2BB6F1A8030E007F58473EC
:108ED000A3F584731B685B78012B28D107F5847395
:108EE000A3F582731B68C7F8843007F58473A3F574
:108EF00082731B68B3F850309BB21A46D7F884309F
:108F00001344C7F8843007F58473A3F584731B6892
:108F10001B781A01D7F88430134403F20443C7F8CE
:108F20008030D7F804319AB2D7F880301A8007F52C
:108F30008473A3F584731B681B89A7F8763007F543
:108F40008473A3F584731B685969D7F804319BB205
:108F5000B7F8762007F58470A0F58270006800F0FD
:108F600058FE07F58473A3F582731A6807F58473B6
:108F7000A3F584731B681B789B0013441B889BB26A
:108F800023F4E04323F040037B817B8983F01003CB
:108F90007B817B8983F020037B8107F58473A3F5B4
:108FA00082731A6807F58473A3F584731B681B78B2
:108FB0009B001A447B8943F07F4343F47F0343F4CF
:108FC000004343F080039BB2138000F0DEBC07F542
:108FD0008473A3F584731B681B7B002B40F0BB805C
:108FE00007F58473A3F584731B689A6907F5847386
:108FF000A3F584731B681B699A4217D907F584731C
:10900000A3F584731B681B69C7F8043107F58473E3
:10901000A3F584731B689A69D7F80431D21A07F54F
:109020008473A3F584731B689A610EE007F584735B
:10903000A3F584731B689B69C7F8043107F5847333
:10904000A3F584731B6800229A6107F58473A3F566
:1090500082731B68C7F8903007F58473A3F5827399
:109060001B68B3F850309BB21A46D7F890301344BF
:10907000C7F8903007F58473A3F584731B681B78D9
:109080001A01D7F89030134403F20C43C7F88C3020
:10909000D7F88C301B889BB2C3F309039AB2D7F878
:1090A0008C301A80D7F804313E2B24D9D7F80431FC
:1090B0005B09C7F8E830D7F8043103F01F03002B31
:1090C00004D1D7F8E830013BC7F8E830D7F88C3046
:1090D0001B889AB2D7F8E8309BB29B029BB213432D
:1090E0009BB26FEA43436FEA53439AB2D7F88C308E
:1090F0001A8000F010BCD7F80431002B0CD1D7F83F
:109100008C301B889BB26FEA43436FEA53439AB299
:10911000D7F88C301A80FEE3D7F804315B08C7F823
:10912000E830D7F8043103F00103002B04D0D7F85E
:10913000E8300133C7F8E830D7F88C301B889AB292
:10914000D7F8E8309BB29B029BB213439AB2D7F890
:109150008C301A80DFE307F58473A3F584731B68F2
:10916000DB78022B40F0188207F58473A3F5847333
:109170001B685B78002B40F09D8007F58473A3F596
:1091800082731B68C7F8AC3007F58473A3F582734C
:109190001B68B3F850309BB21A46D7F8AC30134472
:1091A000C7F8AC3007F58473A3F584731B681B788C
:1091B0001A01D7F8AC30134403F20443C7F8A830BF
:1091C000D7F8A8301B889BB2C3F309039AB2D7F82B
:1091D000A8301A8007F58473A3F584731B681B6994
:1091E0003E2B2BD907F58473A3F584731B681B6989
:1091F0005B09C7F8E43007F58473A3F584731B6833
:109200001B6903F01F03002B04D1D7F8E430013BA6
:10921000C7F8E430D7F8A8301B889AB2D7F8E43002
:109220009BB29B029BB213439BB26FEA43436FEA2C
:1092300053439AB2D7F8A8301A8070E007F58473C8
:10924000A3F584731B681B69002B0CD1D7F8A830D9
:109250001B889BB26FEA43436FEA53439AB2D7F835
:10926000A8301A805BE007F58473A3F584731B684C
:109270001B695B08C7F8E43007F58473A3F58473B2
:109280001B681B6903F00103002B04D0D7F8E430FE
:109290000133C7F8E430D7F8A8301B889AB2D7F862
:1092A000E4309BB29B029BB213439AB2D7F8A8302A
:1092B0001A8034E007F58473A3F584731B685B7828
:1092C000012B2CD107F58473A3F582731B68C7F8B3
:1092D000B43007F58473A3F582731B68B3F850307C
:1092E0009BB21A46D7F8B4301344C7F8B43007F528
:1092F0008473A3F584731B681B781A01D7F8B43004
:10930000134403F20443C7F8B03007F58473A3F5A0
:1093100084731B681B699AB2D7F8B0301A8007F5BE
:109320008473A3F582731B68C7F8A43007F58473B0
:10933000A3F584731B685B78002B40F09D8007F5D4
:109340008473A3F582731B68C7F89C3007F5847398
:10935000A3F582731B68B3F850309BB21A46D7F856
:109360009C301344C7F89C3007F58473A3F58473CD
:109370001B681B781A01D7F89C30134403F20C4386
:10938000C7F89830D7F898301B889BB2C3F309030D
:109390009AB2D7F898301A8007F58473A3F58473CE
:1093A0001B681B693E2B2BD907F58473A3F58473C7
:1093B0001B681B695B09C7F8E03007F58473A3F5E8
:1093C00084731B681B6903F01F03002B04D1D7F8BB
:1093D000E030013BC7F8E030D7F898301B889AB2EC
:1093E000D7F8E0309BB29B029BB213439BB26FEA6B
:1093F00043436FEA53439AB2D7F898301A8069E032
:1094000007F58473A3F584731B681B69002B0CD1CB
:10941000D7F898301B889BB26FEA43436FEA5343F7
:109420009AB2D7F898301A8054E007F58473A3F500
:1094300084731B681B695B08C7F8E03007F5847309
:10944000A3F584731B681B6903F00103002B04D090
:10945000D7F8E0300133C7F8E030D7F898301B88F0
:109460009AB2D7F8E0309BB29B029BB213439AB2F8
:10947000D7F898301A802DE007F58473A3F584732C
:109480001B685B78012B25D107F58473A3F58273E4
:109490001B68B3F850309BB21A46D7F8A430134477
:1094A000C7F8A43007F58473A3F584731B681B7891
:1094B0001A01D7F8A430134403F20C43C7F8A030C4
:1094C00007F58473A3F584731B681B699AB2D7F8F8
:1094D000A0301A8007F58473A3F584731B68DB69D9
:1094E000002B00F0188207F58473A3F582731A68C5
:1094F00007F58473A3F584731B681B789B001344E2
:109500001B88A7F89630B7F8963003F48043002BF9
:1095100005D0B7F8963003F04003002B0DD1B7F813
:10952000963003F48043002B40F0F581B7F8963075
:1095300003F04003002B40F0EE8107F58473A3F5A0
:1095400082731A6807F58473A3F584731B681B780C
:109550009B0013441B889BB223F4E04323F0700369
:10956000A7F8943007F58473A3F582731A6807F59A
:109570008473A3F584731B681B789B001A44B7F8A7
:10958000943043F07F4343F47F0343F4004343F0BC
:10959000C0039BB21380BEE107F58473A3F5847307
:1095A0001B68DB78012B40F0B48107F58473A3F5C9
:1095B00084731B689A6907F58473A3F584731B6829
:1095C0001B699A4217D907F58473A3F584731B6846
:1095D0001B69C7F8043107F58473A3F584731B680E
:1095E0009A69D7F80431D21A07F58473A3F5847306
:1095F0001B689A610EE007F58473A3F584731B68FA
:109600009B69C7F8043107F58473A3F584731B685D
:1096100000229A6107F58473A3F584731B685B7855
:10962000002B40F0858007F58473A3F582731B68D7
:10963000C7F8CC3007F58473A3F582731B68B3F8C1
:1096400050309BB21A46D7F8CC301344C7F8CC3010
:1096500007F58473A3F584731B681B781A01D7F888
:10966000CC30134403F20443C7F8C830D7F8C830ED
:109670001B889BB2C3F309039AB2D7F8C8301A808B
:10968000D7F804313E2B23D9D7F804315B09C7F84A
:10969000DC30D7F8043103F01F03002B04D1D7F8D6
:1096A000DC30013BC7F8DC30D7F8C8301B889AB2F1
:1096B000D7F8DC309BB29B029BB213439BB26FEA9C
:1096C00043436FEA53439AB2D7F8C8301A8060E038
:1096D000D7F80431002B0CD1D7F8C8301B889BB2C7
:1096E0006FEA43436FEA53439AB2D7F8C8301A80FF
:1096F0004FE0D7F804315B08C7F8DC30D7F8043105
:1097000003F00103002B04D0D7F8DC300133C7F895
:10971000DC30D7F8C8301B889AB2D7F8DC309BB25F
:109720009B029BB213439AB2D7F8C8301A8030E03C
:1097300007F58473A3F584731B685B78012B28D12C
:1097400007F58473A3F582731B68C7F8D43007F557
:109750008473A3F582731B68B3F850309BB21A462A
:10976000D7F8D4301344C7F8D43007F58473A3F581
:1097700084731B681B781A01D7F8D430134403F2A2
:109780000443C7F8D030D7F804319AB2D7F8D030B4
:109790001A8007F58473A3F582731B68C7F8C43079
:1097A00007F58473A3F584731B685B78002B40F086
:1097B000858007F58473A3F582731B68C7F8BC30F6
:1097C00007F58473A3F582731B68B3F850309BB21E
:1097D0001A46D7F8BC301344C7F8BC3007F5847379
:1097E000A3F584731B681B781A01D7F8BC301344A7
:1097F00003F20C43C7F8B830D7F8B8301B889BB2D7
:10980000C3F309039AB2D7F8B8301A80D7F80431F5
:109810003E2B23D9D7F804315B09C7F8D830D7F8E5
:10982000043103F01F03002B04D1D7F8D830013BDB
:10983000C7F8D830D7F8B8301B889AB2D7F8D830E4
:109840009BB29B029BB213439BB26FEA43436FEA06
:1098500053439AB2D7F8B8301A805CE0D7F8043195
:10986000002B0CD1D7F8B8301B889BB26FEA43436A
:109870006FEA53439AB2D7F8B8301A804BE0D7F862
:1098800004315B08C7F8D830D7F8043103F001037E
:10989000002B04D0D7F8D8300133C7F8D830D7F828
:1098A000B8301B889AB2D7F8D8309BB29B029BB2D3
:1098B00013439AB2D7F8B8301A802CE007F58473B6
:1098C000A3F584731B685B78012B24D107F584739F
:1098D000A3F582731B68B3F850309BB21A46D7F8D1
:1098E000C4301344C7F8C43007F58473A3F58473F8
:1098F0001B681B781A01D7F8C430134403F20C43D9
:10990000C7F8C030D7F804319AB2D7F8C0301A80FF
:1099100001E001233AE007F58473A3F582731A6826
:1099200007F58473A3F584731B681B789B001344AD
:109930001B889BB223F4804323F07003A7F88A307E
:10994000B7F88A3083F48053A7F88A30B7F88A30A2
:1099500083F40053A7F88A3007F58473A3F5827364
:109960001A6807F58473A3F584731B681B789B0042
:109970001A44B7F88A3043F07F4343F47F0343F43B
:10998000004343F080039BB213800023184607F581
:109990008477BD4680BD80B485B000AF7860396003
:1099A0003B685B78002B20D07A683B681B789B0073
:1099B00013441B889BB223F4E04323F04003BB8194
:1099C000BB8983F01003BB817A683B681B789B00DE
:1099D0001A44BB8943F07F4343F47F0343F40043BD
:1099E00043F080039BB213801FE07A683B681B78CA
:1099F0009B0013441B889BB223F4804323F0700325
:109A0000FB81FB8983F48053FB817A683B681B7878
:109A10009B001A44FB8943F07F4343F47F0343F4E4
:109A2000004343F080039BB2138000231846143791
:109A3000BD4680BC704780B487B000AF78603960A5
:109A40003B681B7B002B40F09D803B685B78002BC4
:109A50004CD07A683B681B789B0013441B883B8280
:109A60003B8A03F04003002B1BD07A683B681B78CD
:109A70009B0013441B889BB223F4E04323F0700344
:109A8000FB817A683B681B789B001A44FB8943F092
:109A90007F4343F47F0343F4004343F0C0039BB28E
:109AA00013803B68DB78012B6CD07A683B681B78AD
:109AB0009B0013441B889BB223F4E04323F0400334
:109AC000BB81BB8983F02003BB817A683B681B782C
:109AD0009B001A44BB8943F07F4343F47F0343F464
:109AE000004343F080039BB213804BE07A683B68ED
:109AF0001B789B0013441B88FB82FB8A03F4804382
:109B0000002B1BD07A683B681B789B0013441B8892
:109B10009BB223F4E04323F07003BB827A683B6876
:109B20001B789B001A44BB8A43F07F4343F47F03B6
:109B300043F4404343F080039BB213807A683B6850
:109B40001B789B0013441B889BB223F4804323F0B3
:109B500070037B827B8A83F480537B827B8A83F4CD
:109B600000537B827A683B681B789B001A447B8A8F
:109B700043F07F4343F47F0343F4004343F0800307
:109B80009BB21380002318461C37BD4680BC70472B
:109B900080B483B000AF78600B46FB70FB78002B7D
:109BA00003D17B688022A3F84C20002318460C3791
:109BB000BD4680BC704780B483B000AF786000239E
:109BC00018460C37BD4680BC704780B483B000AFE8
:109BD0007860002318460C37BD4680BC704780B4BF
:109BE00085B000AF78607B68B3F844309BB2FB600F
:109BF000FB6818461437BD4680BC704780B483B0FC
:109C000000AF78603960002318460C37BD4680BC31
:109C1000704780B48BB000AFF860B96011461A4647
:109C20000B46FB801346BB80BB8801335B08BB61DE
:109C3000FB687B61BB68FB61FB885A007B6913444E
:109C400003F580633B62BB697B621EE0FB691B78A6
:109C50007B82FB6901331B781B021AB2B7F9123001
:109C600013431BB27B823B6A7A8A1A803B6A0233B7
:109C70003B623B6A02333B62FB690133FB61FB6978
:109C80000133FB617B6A013B7B627B6A002BDDD188
:109C900000BF00BF2C37BD4680BC704780B48BB07E
:109CA00000AFF860B96011461A460B46FB801346B8
:109CB000BB80BB885B089BB2BB61FB687B61BB68F8
:109CC000FB61FB885A007B69134403F580633B62A8
:109CD000BB697B621BE03B6A1B889BB23B613B6AB2
:109CE00002333B623B69DAB2FB691A70FB690133EC
:109CF000FB613B691B0ADAB2FB691A70FB6901332D
:109D0000FB613B6A02333B627B6A013B7B627B6A9D
:109D1000002BE0D1BB8803F001039BB2002B07D0DE
:109D20003B6A1B889BB23B613B69DAB2FB691A70E4
:109D300000BF2C37BD4680BC704780B584B000AFF3
:109D400078600B46FB700023FB737B681B7C002B49
:109D500015D14FF4007302228121786802F025F9B1
:109D60007B680122DA624FF40073022201217868D5
:109D700002F01BF97B680122C3F86C2112E040233A
:109D800002228121786802F010F97B680122DA62F0
:109D9000402302220121786802F007F97B68012242
:109DA000C3F86C21082303228221786802F0FDF8B1
:109DB0007B6801221A644FF4077002F01DFA024614
:109DC0007B68C3F8B8227B68D3F8B832002B02D185
:109DD0000123FB7326E07B68D3F8B832BB607B6855
:109DE000D3F8BC321B689847BB680022C3F8142222
:109DF000BB680022C3F818227B681B7C002B09D1AA
:109E0000BB68D3F804224FF400730121786802F094
:109E1000BDF907E0BB68D3F804224023012178682C
:109E200002F0B4F9FB7B18461037BD4680BD80B503
:109E300084B000AF78600B46FB700023FB73812178
:109E4000786802F0D8F87B680022DA62012178682D
:109E500002F0D1F87B680022C3F86C218221786877
:109E600002F0C9F87B6800221A647B68D3F8B83224
:109E7000002B0ED07B68D3F8BC325B6898477B68B8
:109E8000D3F8B832184602F0C3F97B680022C3F851
:109E9000B822FB7B18461037BD4680BD80B586B022
:109EA00000AF786039607B68D3F8B8323B6100233B
:109EB000FB730023BB810023FB753B681B7803F019
:109EC0006003002B39D0202B7FD13B68DB88002B2F
:109ED00029D03B681B785BB2002B11DA7B68D3F882
:109EE000BC329B683A68507839693A68D28898479A
:109EF00039693B68DB881A46786801F005FA6BE03F
:109F00003B685A783B6983F800223B68DB88DAB209
:109F10003B6983F8012239693B68DB881A46786817
:109F200001F020FA58E07B68D3F8BC329B683A68AD
:109F300050780022396898474EE03B685B780B2BDD
:109F40002ED00B2B38DC002B02D00A2B14D033E0A0
:109F50007B6893F89C32032B07D107F10C03022294
:109F60001946786801F0D0F92EE03968786801F078
:109F700061F90223FB7527E07B6893F89C32032B81
:109F800007D107F10F0301221946786801F0BCF9E7
:109F90001AE03968786801F04DF90223FB7513E087
:109FA0007B6893F89C32032B0DD03968786801F0F8
:109FB00041F90223FB7506E03968786801F03AF947
:109FC0000223FB7500E000BF06E03968786801F005
:109FD00031F90223FB7500BFFB7D18461837BD46DB
:109FE00080BD80B584B000AF78600B46FB707B68A5
:109FF000D3F8B832FB607B68D3F8C032BB607B68B3
:10A00000D3F8B832002B3AD0FA78796813469B001F
:10A0100013449B000B441C331B68002B29D0FA7897
:10A02000796813469B0013449B000B441C331A6849
:10A03000F978B8680B469B000B44DB0003443833C7
:10A040001B68B2FBF3F101FB03F3D31A002B10D111
:10A05000FA78796813469B0013449B000B441C3329
:10A0600000221A60F97800230022786802F06BF869
:10A0700003E0FB680022C3F81422002300E002235F
:10A0800018461037BD4680BD80B584B000AF7860FB
:10A090000B46FB707B68D3F8B832FB60FB7819463F
:10A0A000786802F096F80246FB68C3F80C227B68D9
:10A0B000D3F8B832002B0DD07B68D3F8BC32DB6804
:10A0C000FA68D2F80402FA6802F50372114698475A
:10A0D000002300E0022318461037BD4680BD80B53E
:10A0E00084B000AF78607B68D3F8B832FB607B68DF
:10A0F000D3F8BC32002B14D0FB6893F80032FF2B4E
:10A100000FD07B68D3F8BC329B68FA6892F80002E3
:10A11000F968FA6892F801229847FB68FF2283F8F1
:10A120000022002318461037BD4680BD80B483B09E
:10A1300000AF78607B6843221A80034B18460C37C7
:10A14000BD4680BC704700BFD400002080B483B0FF
:10A1500000AF78607B6843221A80034B18460C37A7
:10A16000BD4680BC704700BF9000002080B483B023
:10A1700000AF78607B6843221A80034B18460C3787
:10A18000BD4680BC704700BF1801002080B483B07A
:10A1900000AF78607B680A221A80034B18460C37A0
:10A1A000BD4680BC704700BF4C00002080B485B025
:10A1B00000AF786039600223FB733B68002B05D049
:10A1C0007B683A68C3F8BC220023FB73FB7B18460C
:10A1D0001437BD4680BC704780B487B000AFF860CC
:10A1E000B9601346FB80FB68D3F8B8327B617B69AA
:10A1F000BA68C3F80822FA887B69C3F810220023E2
:10A2000018461C37BD4680BC704780B485B000AF8F
:10A21000786039607B68D3F8B832FB60FB683A68D5
:10A22000C3F80422002318461437BD4680BC70478B
:10A2300080B584B000AF78607B68D3F8B832FB603B
:10A240007B68D3F8B832002B1CD0FB68D3F81432EB
:10A25000002B15D1FB680122C3F81422FB68D3F848
:10A2600010227B681A63FB68D3F80822FB68D3F8D6
:10A2700010329BB28121786801F065FF002302E073
:10A28000012300E0022318461037BD4680BD80B58B
:10A2900084B000AF78607B68D3F8B832FB607B682D
:10A2A000D3F8B832002B17D07B681B7C002B09D168
:10A2B000FB68D3F804224FF400730121786801F0A1
:10A2C00065FF07E0FB68D3F804224023012178688A
:10A2D00001F05CFF002300E0022318461037BD4662
:10A2E00080BD80B584B000AFF860B9601346FB71E3
:10A2F000FB68002B01D102231AE0FB68D3F8B432CB
:10A30000002B03D0FB680022C3F8B422BB68002BEB
:10A3100003D0FB68BA68C3F8B022FB68012283F857
:10A320009C22FB68FA791A70F86801F0C9FD0023D5
:10A3300018461037BD4680BD80B485B000AF786048
:10A3400039600023FB733B68002B06D07B683A68BA
:10A35000C3F8B4220023FB7301E00223FB73FB7BF1
:10A3600018461437BD4680BC704780B582B000AF38
:10A370007860786801F0FEFD002318460837BD4676
:10A3800080BD80B483B000AF7860002318460C37DE
:10A39000BD4680BC704780B584B000AF78600B4686
:10A3A000FB700223FB737B68D3F8B432002B0CD014
:10A3B0007B68D3F8B4321B68FA78114678689847FE
:10A3C0000346002B01D10023FB73FB7B184610379B
:10A3D000BD4680BD80B582B000AF78600B46FB7093
:10A3E0007B68D3F8B4325B68FA781146786898478E
:10A3F000002318460837BD4680BD80B582B000AF47
:10A40000786039607B6803F52A733968184600F074
:10A41000D8FE7B680122C3F894227B68B3F8AE3281
:10A420001A467B68C3F898227B6893F8A83203F039
:10A430001F03022B16D0022B1CD8002B02D0012B9D
:10A4400008D017E07B6803F52A731946786800F096
:10A45000CBF91AE07B6803F52A731946786800F097
:10A460002DFA12E07B6803F52A731946786800F02C
:10A470006DFA0AE07B6893F8A83223F07F03DBB221
:10A480001946786801F0D6FD00BF0023184608374A
:10A49000BD4680BD80B586B000AFF8600B467A60DF
:10A4A000FB72FB7A002B4BD1FB6803F5AA737B612F
:10A4B000FB68D3F89432032B34D17B69DA687B696B
:10A4C0001B699A4219D97B69DA687B691B69D21AC0
:10A4D0007B69DA607B69DA687B691B699A4203D21F
:10A4E0007B69DB689BB202E07B691B699BB21A4601
:10A4F0007968F86800F054FF38E0FB68D3F8B432AC
:10A500001B69002B0AD0FB6893F89C32032B05D102
:10A51000FB68D3F8B4321B69F8689847F86800F014
:10A5200051FF23E0FB68D3F89432052B1ED1FB6862
:10A530000022C3F894220021F86801F07BFD15E0A9
:10A54000FB68D3F8B4329B69002B0DD0FB6893F8FD
:10A550009C32032B08D1FB68D3F8B4329B69FA7A9A
:10A560001146F868984701E0022300E000231846EE
:10A570001837BD4680BD80B586B000AFF8600B4689
:10A580007A60FB72FB7A002B7FD1FB6814337B610E
:10A59000FB68D3F89432022B5CD17B69DA687B6963
:10A5A0001B699A4215D97B69DA687B691B69D21AE3
:10A5B0007B69DA607B69DB689BB21A467968F86868
:10A5C00000F0BEFE002300220021F86801F0DEFD4D
:10A5D0004EE07B699B687A691269B3FBF2F101FB7B
:10A5E00002F29B1A002B1CD17B699A687B691B695C
:10A5F0009A4216D37B699A68FB68D3F898329A42DC
:10A600000FD200220021F86800F09AFEFB680022B9
:10A61000C3F89822002300220021F86801F0B6FD5B
:10A6200026E0FB68D3F8B432DB68002B0AD0FB6865
:10A6300093F89C32032B05D1FB68D3F8B432DB6866
:10A64000F86898478021F86801F0F4FCF86800F099
:10A65000CCFE0DE0FB68D3F89432042B04D0FB68E9
:10A66000D3F89432002B03D18021F86801F0E2FC8A
:10A67000FB6893F8A032012B1DD1F868FFF781FE2B
:10A68000FB68002283F8A02215E0FB68D3F8B432FF
:10A690005B69002B0DD0FB6893F89C32032B08D12B
:10A6A000FB68D3F8B4325B69FA7A1146F8689847C8
:10A6B00001E0022300E0002318461837BD4680BDA4
:10A6C00080B582B000AF7860402300220021786816
:10A6D00001F06BFC7B680122C3F858217B684022A3
:10A6E000C3F86421402300228021786801F05DFCDA
:10A6F0007B6801229A617B6840225A627B68012252
:10A7000083F89C227B680022C3F894227B68002295
:10A710005A607B680022C3F8A4227B68D3F8B83261
:10A72000002B09D07B68D3F8B4325B687A68526832
:10A73000D2B2114678689847002318460837BD46BC
:10A7400080BD80B483B000AF78600B46FB707B683F
:10A75000FA781A74002318460C37BD4680BC70473F
:10A7600080B483B000AF78607B6893F89C227B68EC
:10A7700083F89D227B68042283F89C2200231846DC
:10A780000C37BD4680BC704780B483B000AF7860A2
:10A790007B6893F89C32042B05D17B6893F89D224B
:10A7A0007B6883F89C22002318460C37BD4680BC8A
:10A7B000704780B582B000AF78607B6893F89C32B8
:10A7C000032B0BD17B68D3F8B432DB69002B05D0A7
:10A7D0007B68D3F8B432DB69786898470023184661
:10A7E0000837BD4680BD000080B584B000AF7860FA
:10A7F00039600023FB733B681B7803F06003402B38
:10A8000005D0402B4FD8002B09D0202B4BD17B6893
:10A81000D3F8B4329B6839687868984748E03B6859
:10A820005B78092B39D801A252F823F07DA80008E3
:10A8300091A800089BA8000887A800089BA800080A
:10A840005FA8000855A800089BA8000873A8000886
:10A8500069A800083968786800F0DCF922E03968F6
:10A86000786800F03FFB1DE03968786800F07EFBF7
:10A8700018E03968786800F007FC13E039687868F8
:10A8800000F037FC0EE03968786800F065FC09E0FC
:10A890003968786800F074FC04E03968786800F082
:10A8A000C9FC00BF04E03968786800F0C3FC00BF51
:10A8B000FB7B18461037BD4680BD00BF80B584B015
:10A8C00000AF786039600023FB733B681B7803F0AE
:10A8D0006003402B05D0402B2ED8002B01D0202B1D
:10A8E0002AD17B6893F89C32013B022B1DD83B6830
:10A8F0009B88DBB2012B13D87B68D3F8B4329B68FA
:10A900003968786898470346FB733B68DB88002BFF
:10A9100010D1FB7B002B0DD1786800F053FD09E0CE
:10A920003968786800F086FC04E03968786800F0DF
:10A9300081FC00E000BF04E03968786800F07AFC30
:10A9400000BF002318461037BD4680BD80B584B0D7
:10A9500000AF786039600023FB733B689B88BB7352
:10A960003B681B7803F06003402B07D0402B00F2BC
:10A970004681002B0AD0202B40F041817B68D3F820
:10A98000B4329B683968786898473DE13B681B782A
:10A9900003F06003202B0AD17B68D3F8B4329B68A4
:10A9A0003968786898470346FB73FB7B2DE13B6869
:10A9B0005B78032B07D0032B00F31B81002B72D095
:10A9C000012B3AD015E17B6893F89C32022B02D020
:10A9D000032B15D02BE0BB7B002B0CD0BB7B802B3B
:10A9E00009D0BB7B1946786801F024FB8021786888
:10A9F00001F020FB20E03968786800F01BFC1BE0C8
:10AA00003B685B88002B0ED1BB7B002B0BD0BB7B44
:10AA1000802B08D03B68DB88002B04D1BB7B194618
:10AA2000786801F007FB786800F0CCFC04E0396836
:10AA3000786800F0FFFB00BFE0E07B6893F89C3291
:10AA4000022B02D0032B15D026E0BB7B002B0CD0B1
:10AA5000BB7B802B09D0BB7B1946786801F0EAFAF2
:10AA60008021786801F0E6FA1CE03968786800F027
:10AA7000E1FB17E03B685B88002B12D1BB7B03F046
:10AA80007F03002B04D0BB7B1946786801F0F1FAF4
:10AA9000786800F097FC04E03968786800F0CAFB39
:10AAA00000E000BFAAE07B6893F89C32022B02D042
:10AAB000032B32D097E0BB7B002B07D0BB7B802BD6
:10AAC00004D03968786800F0B5FB91E097F90E3052
:10AAD000002B0BDABB7B03F07F0213469B00134471
:10AAE0009B0010337A68134404330BE0BB7B03F004
:10AAF0007F0213469B0013449B0003F5A8737A68FA
:10AB000013440433BB60BB6800221A60BB68022296
:10AB10001946786800F0F8FB6AE097F90E30002BD0
:10AB200011DABB7B03F00F02796813469B001344D4
:10AB30009B000B4418331B68002B17D139687868C9
:10AB400000F078FB54E0BB7B03F00F0279681346FA
:10AB50009B0013449B000B4403F5AC731B68002B54
:10AB600004D13968786800F065FB41E097F90E3050
:10AB7000002B0BDABB7B03F07F0213469B001344D0
:10AB80009B0010337A68134404330BE0BB7B03F063
:10AB90007F0213469B0013449B0003F5A8737A6859
:10ABA00013440433BB60BB7B002B02D0BB7B802BE8
:10ABB00003D1BB6800221A600EE0BB7B194678689F
:10ABC00001F076FA0346002B03D0BB6801221A601D
:10ABD00002E0BB6800221A60BB680222194678684E
:10ABE00000F092FB04E03968786800F023FB00BFB6
:10ABF00004E03968786800F01DFB00BF04E03968A4
:10AC0000786800F017FB00BFFB7B18461037BD4685
:10AC100080BD000080B584B000AF7860396000234B
:10AC20003B810023FB600023FB723B685B881B0AAF
:10AC30009BB2013B062B00F2288101A252F823F0BF
:10AC40005DAC000875AC0008B5AC00088BAE000820
:10AC50008BAE00082BAE000857AE00087B68D3F817
:10AC6000B0321B687A68127C07F1080110469847D9
:10AC7000F86012E17B681B7C002B0DD17B68D3F858
:10AC8000B4329B6A07F1080210469847F860FB68E7
:10AC9000013302221A7000E17B68D3F8B432DB6A18
:10ACA00007F1080210469847F860FB68013302225A
:10ACB0001A70F2E03B685B88DBB2052B00F2AC80D7
:10ACC00001A252F823F000BFE1AC000815AD000866
:10ACD00049AD00087DAD0008B1AD0008E5AD000844
:10ACE0007B68D3F8B0325B68002B0BD07B68D3F85D
:10ACF000B0325B687A68127C07F108011046984709
:10AD0000F86091E03968786800F094FAFB7A0133D2
:10AD1000FB7289E07B68D3F8B0329B68002B0BD0C4
:10AD20007B68D3F8B0329B687A68127C07F108011F
:10AD300010469847F86077E03968786800F07AFA4A
:10AD4000FB7A0133FB726FE07B68D3F8B032DB68CB
:10AD5000002B0BD07B68D3F8B032DB687A68127CAA
:10AD600007F1080110469847F8605DE03968786897
:10AD700000F060FAFB7A0133FB7255E07B68D3F890
:10AD8000B0321B69002B0BD07B68D3F8B0321B6943
:10AD90007A68127C07F1080110469847F86043E092
:10ADA0003968786800F046FAFB7A0133FB723BE0C1
:10ADB0007B68D3F8B0325B69002B0BD07B68D3F88B
:10ADC000B0325B697A68127C07F108011046984737
:10ADD000F86029E03968786800F02CFAFB7A0133D2
:10ADE000FB7221E07B68D3F8B0329B69002B0BD05B
:10ADF0007B68D3F8B0329B697A68127C07F108014E
:10AE000010469847F8600FE03968786800F012FA49
:10AE1000FB7A0133FB7207E03968786800F00AFAC0
:10AE2000FB7A0133FB7238E037E07B681B7C002B38
:10AE300009D17B68D3F8B4325B6B07F10802104686
:10AE40009847F86029E03968786800F0F3F9FB7AF0
:10AE50000133FB7221E07B681B7C002B0DD17B68EA
:10AE6000D3F8B4321B6B07F1080210469847F8601C
:10AE7000FB68013307221A700FE03968786800F028
:10AE8000D9F9FB7A0133FB7207E03968786800F082
:10AE9000D1F9FB7A0133FB7200BFFB7A002B1CD186
:10AEA0003B89002B11D03B68DB88002B0DD03B6821
:10AEB000DA883B89934228BF13469BB23B813B898A
:10AEC0001A46F968786800F01FFA3B68DB88002BA7
:10AED00004D1786800F076FA00E000BF1037BD4674
:10AEE00080BD00BF80B584B000AF786039603B683A
:10AEF0009B88002B30D13B68DB88002B2CD13B6832
:10AF00005B887F2B28D83B685B88DBB203F07F032C
:10AF1000FB737B6893F89C32032B04D13968786803
:10AF200000F088F91DE07B68FA7B83F89E22FB7BAA
:10AF30001946786801F0E8F8786800F043FAFB7B7E
:10AF4000002B04D07B68022283F89C2209E07B68F6
:10AF5000012283F89C2204E03968786800F06AF9DD
:10AF600000BF00BF1037BD4680BD000080B582B075
:10AF700000AF786039603B685B88DAB2414B1A7089
:10AF8000404B1B78012B04D93968786800F052F9DE
:10AF900075E07B6893F89C32022B02D0032B23D000
:10AFA00062E0384B1B78002B1AD0364B1B781A46C0
:10AFB0007B685A607B68032283F89C22314B1B78A4
:10AFC00019467868FFF7E7F90346022B04D1396880
:10AFD000786800F02FF952E0786800F0F3F94EE05D
:10AFE000786800F0EFF94AE0264B1B78002B12D16D
:10AFF0007B68022283F89C22224B1B781A467B68CE
:10B000005A60204B1B7819467868FFF7E3F9786897
:10B0100000F0D8F933E01B4B1B781A467B685B685D
:10B020009A421DD07B685B68DBB219467868FFF7EF
:10B03000D1F9144B1B781A467B685A60114B1B7868
:10B0400019467868FFF7A7F90346022B04D139683F
:10B05000786800F0EFF812E0786800F0B3F90EE0DD
:10B06000786800F0AFF90AE03968786800F0E2F833
:10B07000044B1B7819467868FFF7ACF900BF083716
:10B08000BD4680BDC805002080B582B000AF7860A5
:10B0900039603B68DB88012B04D03968786800F0A0
:10B0A000C9F822E07B6893F89C32022B02DC002B6B
:10B0B00003DC15E0032B0BD012E07B6800229A60C2
:10B0C0007B68083301221946786800F01DF90CE00E
:10B0D0007B68043301221946786800F015F904E012
:10B0E0003968786800F0A6F800BF00BF0837BD4691
:10B0F00080BD80B582B000AF786039607B6893F81E
:10B100009C32013B022B1ED83B68DB88022B04D00B
:10B110003968786800F08EF81AE07B680122DA60FE
:10B120007B68D3F8A432002B05D07B68DB6843F042
:10B1300002027B68DA607B680C3302221946786869
:10B1400000F0E2F804E03968786800F073F800BFB6
:10B1500000BF0837BD4680BD80B582B000AF7860C3
:10B1600039603B685B88012B06D17B680122C3F8FC
:10B17000A422786800F026F900BF0837BD4680BDDC
:10B1800080B582B000AF786039607B6893F89C32FC
:10B19000013B022B0BD83B685B88012B0CD17B68F1
:10B1A0000022C3F8A422786800F00CF904E03968A2
:10B1B000786800F03FF800E000BF00BF0837BD46E8
:10B1C00080BD80B483B000AF786039603B681A7886
:10B1D0007B681A703B685A787B685A703B68023308
:10B1E0001B781A463B6803331B781B029BB213443F
:10B1F0009AB27B685A803B6804331B781A463B68D6
:10B2000005331B781B029BB213449AB27B689A8069
:10B210003B6806331B781A463B6807331B781B02D2
:10B220009BB213449AB27B68DA8000BF0C37BD46EC
:10B2300080BC704780B582B000AF786039608021F3
:10B24000786800F0F7FE0021786800F0F3FE00BF98
:10B250000837BD4680BD80B586B000AFF860B960E4
:10B260007A600023FB75FB68002B32D0F86800F091
:10B2700034F8034601339BB25B009AB27B681A80B4
:10B28000FB7D5A1CFA751A46BB6813447A6812781B
:10B290001A70FB7D5A1CFA751A46BB6813440322C8
:10B2A0001A7012E0FB685A1CFA60FA7D511CF9759D
:10B2B0001146BA680A441B781370FB7D5A1CFA7554
:10B2C0001A46BB68134400221A70FB681B78002BD7
:10B2D000E8D100BF1837BD4680BD80B485B000AF4F
:10B2E00078600023FB7305E0FB7B0133FB737B6815
:10B2F00001337B607B681B78002BF5D1FB7B184604
:10B300001437BD4680BC704780B584B000AFF8608C
:10B31000B9601346FB80FB680222C3F89422FA88C6
:10B32000FB68DA61FA88FB681A62FB88BA68002158
:10B33000F86800F008FF002318461037BD4680BDAE
:10B3400080B584B000AFF860B9601346FB80FB881D
:10B35000BA680021F86800F0F6FE0023184610379E
:10B36000BD4680BD80B584B000AFF860B9601346BB
:10B37000FB80FB680322C3F89422FA88FB68C3F8B9
:10B380005C21FA88FB68C3F86021FB88BA68002159
:10B39000F86800F0FBFE002318461037BD4680BD5C
:10B3A00080B584B000AFF860B9601346FB80FB88BD
:10B3B000BA680021F86800F0E9FE0023184610374B
:10B3C000BD4680BD80B582B000AF78607B68042246
:10B3D000C3F89422002300220021786800F0B3FE15
:10B3E000002318460837BD4680BD80B582B000AF47
:10B3F00078607B680522C3F8942200230022002194
:10B40000786800F0C3FE002318460837BD4680BDAB
:10B4100080B500AF002212491248FEF762FF0346D2
:10B42000002B01D0F8F7A4F90F490E48FEF784FF6E
:10B430000346002B01D0F8F79BF90C490948FEF7A9
:10B44000B5FE0346002B01D0F8F792F90548FEF748
:10B450008CFF0346002B01D0F8F78AF900BF80BDAE
:10B460006C010020CC050020580000205C01002069
:10B4700080B500AF002205490548FEF7ADFE05493D
:10B480000348FEF7C2FE0023184680BD900C002042
:10B49000CC0500209008002080B400AF002318469F
:10B4A000BD4680BC7047000080B483B000AF034647
:10B4B0003960FB711346BB80FB79232B4AD801A26C
:10B4C00052F823F055B5000855B5000855B50008E9
:10B4D00055B5000855B5000855B5000855B5000824
:10B4E00055B5000855B5000855B5000855B5000814
:10B4F00055B5000855B5000855B5000855B5000804
:10B5000055B5000855B5000855B5000855B50008F3
:10B5100055B5000855B5000855B5000855B50008E3
:10B5200055B5000855B5000855B5000855B50008D3
:10B5300055B5000855B5000855B5000855B50008C3
:10B5400055B5000855B5000855B5000855B50008B3
:10B5500055B5000800BF002318460C37BD4680BC17
:10B56000704700BF90B585B000AF786039607968EA
:10B570009548FEF74AFE9448FEF789FE7B681B78E3
:10B58000482B12D17B6801331B784F2B0DD17B6880
:10B5900002331B784D2B08D17B6803331B78452B76
:10B5A00003D18A4B01221A708CE27B681B78472BEF
:10B5B0000DD17B6801331B78452B08D17B680233A2
:10B5C0001B78542B03D1824B01221A707AE27B68DC
:10B5D0001B78482B12D17B6801331B78442B0DD18B
:10B5E0007B6802331B78532B08D17B6803331B78AD
:10B5F000502B03D1774B01221A7063E27B681B78D2
:10B600004D2B40F08B810023FB73FB7B7A68134446
:10B610001B784D2B39D1FB7B01337A681344FA7BBD
:10B62000013279680A441278104619786A4A03018F
:10B6300013440A461A70FB7B02337A6813441B7862
:10B640001A06FB7B033379680B441B781B041A43EF
:10B65000FB7B043379680B441B781B021343FA7B92
:10B66000053279680A44127843EA0201FB7B013310
:10B670007A6813441B781C460846F5F707FB024618
:10B68000554923010B4404331A60FB7B06337A6867
:10B6900013441B784F2B19D1FB7B07337A68134473
:10B6A000FA7B013279680A441278104619784A4ABE
:10B6B0000301134408330A461A700823FB73FB7B0B
:10B6C0007A6813441B784D2B5DD122E0FB7B01335C
:10B6D0007A6813441B78404A1B01134400221A70F5
:10B6E000FB7B01337A6813441B783B4A1B011344EC
:10B6F00004334FF000021A60FB7B01337A68134475
:10B700001B78354A1B011344083300221A700023AA
:10B71000D9E1FB7B01337A681344FA7B0132796803
:10B720000A441278104619782B4A030113440A463A
:10B730001A70FB7B02337A6813441B781A06FB7B72
:10B74000033379680B441B781B041A43FB7B0433D7
:10B7500079680B441B781B021343FA7B0532796826
:10B760000A44127843EA0201FB7B01337A681344EE
:10B770001B781C460846F5F789FA0246164923014C
:10B780000B4404331A60FB7B06337A6813441B783E
:10B790004F2B23D1FB7B07337A681344FA7B0132AA
:10B7A00079680A441278104619780B4A0301134449
:10B7B00008330A461A701023FB73FB7B7A68134424
:10B7C0001B784D2B67D12CE0CC05002064020020B3
:10B7D0006602002067020020A8040020FB7B0133E2
:10B7E0007A6813441B789F4A1B01134400221A7085
:10B7F000FB7B01337A6813441B789A4A1B0113447C
:10B8000004334FF000021A60FB7B01337A68134463
:10B810001B78944A1B011344083300221A7000233A
:10B8200051E1FB7B01337A681344FA7B013279687A
:10B830000A441278104619788A4A030113440A46CA
:10B840001A70FB7B02337A6813441B781A06FB7B61
:10B85000033379680B441B781B041A43FB7B0433C6
:10B8600079680B441B781B021343FA7B0532796815
:10B870000A44127843EA0201FB7B01337A681344DD
:10B880001B781C460846F5F701FA02467549230164
:10B890000B4404331A60FB7B06337A6813441B782D
:10B8A0004F2B18D1FB7B07337A681344FA7B0132A4
:10B8B00079680A441278104619786A4A03011344D9
:10B8C00008330A461A70684B01221A70062167482D
:10B8D00000F000F9F6E0FB7B01337A6813441B7833
:10B8E000604A1B01134400221A70FB7B01337A6803
:10B8F00013441B785B4A1B01134404334FF00002CE
:10B900001A60FB7B01337A6813441B78554A1B018C
:10B910001344083300221A700023D4E07B681B789C
:10B920004C2B5BD17B6801331B78492B56D17B684C
:10B9300002331B784D2B51D17B6804331B781A4698
:10B940007B6805331B7813447A68063212781344F7
:10B950007A680732127813441846F4F74BFD4FF01B
:10B960000002434BF4F7DAFE02460B461046194636
:10B970007B6803331B781C46F5F77EF803463D4A87
:10B9800042F834307B6808331B781A467B680933E9
:10B990001B7813447A680A32127813447A680B329F
:10B9A000127813441846F4F725FD4FF00002304B8F
:10B9B000F4F7B4FE02460B46104619467B68033383
:10B9C0001B781C46F5F758F802462A49E3000B4459
:10B9D0005A600621254800F07DF873E07B681B78EB
:10B9E000532B49D17B6801331B78502B44D17B68A2
:10B9F00002331B78442B3FD17B6803331B784D2BDC
:10BA00003AD17B6805331B781B027A6806321278BC
:10BA10001A4313469B0013445B001A467B680433A9
:10BA20001B7811460F4A1B0113440C3319607B68C5
:10BA300004331B780B4A1B0113440C331B68B3F50A
:10BA40007A7F09D37B6804331B78064A1B011344B1
:10BA50000C334FF47A721A600621044800F03AF869
:10BA600030E000BFA80400206502002078DA00085A
:10BA700000408F40D80400207B681B78442B21D1E4
:10BA80007B6801331B78452B1CD17B6802331B7804
:10BA9000562B17D17B6803331B78492B12D17B6857
:10BAA00004331B784E2B0DD17B6805331B78462B56
:10BAB00008D17B6806331B784F2B03D1272104481C
:10BAC00000F008F8002318461437BD4690BD00BFAB
:10BAD00080DA000880B584B000AF78600B467B80C8
:10BAE0000023FB730D4BD3F8B832BB60BB68D3F8AF
:10BAF0001432002B01D001230BE07B881A467968B1
:10BB00000648FEF769FB0548FEF792FB0346FB7308
:10BB1000FB7B18461037BD4680BD00BFCC0500201A
:10BB200080B483B000AF03463960FB713B681222DA
:10BB30001A80034B18460C37BD4680BC704700BFC7
:10BB40008801002080B483B000AF03463960FB71E8
:10BB50003B6804221A80034B18460C37BD4680BC54
:10BB6000704700BF9C01002080B582B000AF034643
:10BB70003960FB71FB79002B05D13A680749084809
:10BB8000FFF769FB04E03A6804490548FFF763FBE7
:10BB9000024B18460837BD4680BD00BF90100020FC
:10BBA000A8DA000880B582B000AF03463960FB71A7
:10BBB0003A6804490448FFF74EFB024B1846083721
:10BBC000BD4680BD90100020C0DA000880B582B06C
:10BBD00000AF03463960FB713B681A221A8000F0FF
:10BBE00043F8024B18460837BD4680BDA00100202F
:10BBF00080B582B000AF03463960FB71FB79002B42
:10BC000005D13A6807490848FFF725FB04E03A6880
:10BC100004490548FFF71FFB024B18460837BD468D
:10BC200080BD00BF90100020D4DA000880B582B03B
:10BC300000AF03463960FB71FB79002B05D13A68F0
:10BC400007490848FFF707FB04E03A68044905483C
:10BC5000FFF701FB024B18460837BD4680BD00BF09
:10BC600090100020E0DA000880B584B000AF0F4BE0
:10BC70001B68FB600E4B1B68BB600E4B1B687B6038
:10BC8000FA687B681344FB60FB68002B09D008222C
:10BC90000949F86800F014F804220849B86800F06F
:10BCA0000FF800BF1037BD4680BD00BFE8F7FF1F8B
:10BCB000ECF7FF1FF0F7FF1FA2010020B2010020E8
:10BCC00080B487B000AFF860B9601346FB71002301
:10BCD000FB750023FB7527E0FB681B0F092B0BD8B6
:10BCE000FB681B0FDAB2FB7D5B001946BB680B4497
:10BCF0003032D2B21A700AE0FB681B0FDAB2FB7D59
:10BD00005B001946BB680B443732D2B21A70FB682D
:10BD10001B01FB60FB7D5B000133BA68134400220A
:10BD20001A70FB7D0133FB75FA7DFB799A42D3D300
:10BD300000BF00BF1C37BD4680BC704780B584B0D3
:10BD400000AF78607B681B680D4A934213D10D4B9E
:10BD5000DB690C4A43F40003D3610A4BDB6903F44B
:10BD60000003FB60FB68002200211420F8F70BFAA7
:10BD70001420F8F724FA00BF1037BD4680BD00BF7D
:10BD8000005C00400010024080B582B000AF7860D7
:10BD90007B68D3F8EC227B6803F52C7319461046B8
:10BDA000FEF72BFB00BF0837BD4680BD80B582B0D3
:10BDB00000AF78600B46FB707B68D3F8EC02FA7832
:10BDC000796813469B001344DB000B4403F5BE73F4
:10BDD0001A68FB781946FEF75DFB00BF0837BD46C1
:10BDE00080BD80B582B000AF78600B46FB707B6889
:10BDF000D3F8EC02FA78796813469B001344DB0011
:10BE00000B443C331A68FB781946FEF7B4FB00BFBD
:10BE10000837BD4680BD80B582B000AF78607B68D2
:10BE2000D3F8EC321846FEF7C4FC00BF0837BD4615
:10BE300080BD80B584B000AF78600123FB737B6860
:10BE40009B68022B01D0F7F793FC7B68D3F8EC32A8
:10BE5000FA7B11461846FEF774FC7B68D3F8EC3287
:10BE60001846FEF72DFC00BF1037BD4680BD000010
:10BE700080B582B000AF78607B68D3F8EC321846AA
:10BE8000FEF76EFC7B689B69002B05D0044B1B6999
:10BE9000034A43F00603136100BF0837BD4680BD67
:10BEA00000ED00E080B582B000AF78607B68D3F829
:10BEB000EC321846FEF768FC00BF0837BD4680BD6F
:10BEC00080B582B000AF7860284A7B68C2F8EC3257
:10BED0007B68264AC3F8C022244B254A1A60234BAC
:10BEE00008225A60214B02229A60204B00229A615C
:10BEF0001E4B0022DA611D4B00221A621B48F8F724
:10BF0000D5FB0346002B01D0F7F732FC7B68D3F852
:10BF1000C002182300220021FAF7F3F87B68D3F857
:10BF2000C002582300228021FAF7EBF87B68D3F88F
:10BF3000C002C02300228121FAF7E3F87B68D3F81E
:10BF4000C0024FF4887300220121FAF7DAF87B6807
:10BF5000D3F8C0024FF4807300228221FAF7D1F89F
:10BF6000002318460837BD4680BD00BF9012002050
:10BF7000005C004080B584B000AF78600023FB73A4
:10BF80000023BB737B68D3F8C0321846F8F78DFCEA
:10BF90000346FB73FB7B184600F04EF90346BB7368
:10BFA000BB7B18461037BD4680BD80B584B000AF5E
:10BFB0007860084611461A460346FB700B46BB7074
:10BFC00013463B800023FB730023BB737B68D3F8CD
:10BFD000C002BB783A88F978F8F7E2FD0346FB73B4
:10BFE000FB7B184600F028F90346BB73BB7B184661
:10BFF0001037BD4680BD80B584B000AF78600B4679
:10C00000FB700023FB730023BB737B68D3F8C03243
:10C01000FA7811461846F8F720FE0346FB73FB7BBF
:10C02000184600F009F90346BB73BB7B184610376E
:10C03000BD4680BD80B584B000AF78600B46FB7014
:10C040000023FB730023BB737B68D3F8C032FA78FC
:10C0500011461846F8F7C8FE0346FB73FB7B1846EB
:10C0600000F0EAF80346BB73BB7B18461037BD46A9
:10C0700080BD80B584B000AF78600B46FB700023B4
:10C08000FB730023BB737B68D3F8C032FA78114688
:10C090001846F8F709FF0346FB73FB7B184600F0D0
:10C0A000CBF80346BB73BB7B18461037BD4680BD3B
:10C0B00080B485B000AF78600B46FB707B68D3F826
:10C0C000C032FB6097F90330002B0CDAFB7803F0E9
:10C0D0007F03F9685A1C13469B001344DB000B4492
:10C0E00002331B780BE0FB7803F07F02F9681346FC
:10C0F0009B001344DB000B4403F5B5731B78184613
:10C100001437BD4680BC704780B584B000AF7860FE
:10C110000B46FB700023FB730023BB737B68D3F8D3
:10C12000C032FA7811461846F8F715FD0346FB733E
:10C13000FB7B184600F080F80346BB73BB7B1846B8
:10C140001037BD4680BD80B586B000AFF8607A601C
:10C150001A460B46FB7213463B810023FB750023F6
:10C16000BB75FB68D3F8C0023B89F97A7A68F8F7A7
:10C1700004FE0346FB75FB7D184600F05DF80346A0
:10C18000BB75BB7D18461837BD4680BD80B586B0EF
:10C1900000AFF8607A601A460B46FB7213463B818B
:10C1A0000023FB750023BB75FB68D3F8C0023B89F5
:10C1B000F97A7A68F8F799FD0346FB75FB7D184616
:10C1C00000F03AF80346BB75BB7D18461837BD46EC
:10C1D00080BD80B582B000AF78600B46FB707B6895
:10C1E000D3F8C032FA7811461846F8F7AFFD034687
:10C1F00018460837BD4680BD80B483B000AF786074
:10C20000024B18460C37BD4680BC70478015002095
:10C2100080B483B000AF786000BF0C37BD4680BCEF
:10C22000704780B483B000AF78600B46FB7000BFEE
:10C230000C37BD4680BC704780B485B000AF034664
:10C24000FB710023FB73FB79032B17D801A252F873
:10C2500023F000BF65C200086BC2000871C200086D
:10C2600077C200080023FB730BE00223FB7308E096
:10C270000123FB7305E00223FB7302E00223FB733F
:10C2800000BFFB7B18461437BD4680BC704700BF1B
:10C2900003460244934200D1704703F8011BF9E7BB
:10C2A000014B1868704700BFBC01002070B5002624
:10C2B0000C4D0D4C641BA410A64209D101F0B0FB3B
:10C2C00000260A4D0A4C641BA410A64205D170BD7D
:10C2D00055F8043B98470136EEE755F8043B98477C
:10C2E0000136F2E7F0DC0008F0DC0008F0DC0008C2
:10C2F000F4DC0008F8B504460D4600F02DFB22469C
:10C3000006460F462B4620462946F4F777FB88B9A8
:10C310002046294600F080F80022084BF4F764FB21
:10C3200040B1FFF7BDFF212303600548BDE8F84099
:10C3300000F0BCB830463946F8BD00BF0000F03F01
:10C3400012DB0008F8B506460F4600F0B5F8324695
:10C3500004460D463B4630463946F4F74FFB90B94C
:10C360000022002330463946F4F720FB58B1FFF78E
:10C3700097FF212300220360002310461946F4F79B
:10C38000CDF904460D4620462946F8BD30B5204D6E
:10C3900021F00044AC4202460B4687B006D800228A
:10C3A000002307B0BDE8304000F05EB9194DAC4243
:10C3B00003D9F3F7D1FE07B030BD02AA00F01CFD8F
:10C3C00000F00300012809D0022811D0B8B9DDE936
:10C3D0000423DDE9020100F047F9ECE70090DDE914
:10C3E0000423DDE9020100F0FFF901F10041E2E779
:10C3F000DDE90423DDE9020100F036F9F5E7012368
:10C40000DDE902010093DDE9042300F0EDF9D2E754
:10C41000FB21E93FFFFFEF7F21F000431946704702
:10C4200030B5204D21F00044AC4202460B4687B0A7
:10C4300006D8002300220093002300F0D5F904E081
:10C44000194DAC4203D9F3F787FE07B030BD02AAFD
:10C4500000F0D2FC00F00300012809D002280ED021
:10C46000C0B9DDE9020101230093DDE90423E4E71B
:10C47000DDE90423DDE9020100F0F6F8E5E7012338
:10C48000DDE902010093DDE9042300F0ADF901F1DB
:10C490000041DAE7DDE90423DDE9020100F0E4F818
:10C4A000F5E700BFFB21E93FFFFFEF7F00200149D7
:10C4B000704700BF0000F87F674A2DE9F84F8A43B4
:10C4C00006460F460B4604460ED10246F3F7FCFF24
:10C4D00002460B4630463946F3F740FE06460F4605
:10C4E00030463946BDE8F88F00290CDC21F00042C7
:10C4F0000243F5D089B10246F3F72EFE02460B4601
:10C50000F4F70CF9EAE70A1515D1002109E0E30A6E
:10C51000153A6405002BFAD0F7E70A46FAE75B0004
:10C520000131D802FBD5481E121AC1F1200024FAAD
:10C5300000F003438C400026A2F2FF371621D207F9
:10C540004FF400103246C3F3130343F480135CBF6F
:10C550005B0003EBD4734FEA430358BF640003EB63
:10C56000D4737F10640015189D42DEBF2A185B1B30
:10C570003618E50F013905EB43034FEA44044FEA4F
:10C580005000F0D10D464FF0200A4FF000409A4283
:10C5900001EB000C02DB13D1A44511D8BCF1000F54
:10C5A0000CEB000142DA002940DB02F1010E9B1A7C
:10C5B0007246A44588BF03F1FF33A4EB0C04054485
:10C5C0004FEAD47CBAF1010A0CEB43034FEA44046E
:10C5D0004FEA5000DBD11C431AD0204CDFF880B06A
:10C5E000D4E90001DBE90023F3F7B6FDD4E90089C3
:10C5F00002460B4640464946F4F7E2F940B1D4E919
:10C600000001DBE90023B5F1FF3F11D155460136AA
:10C6100072106B08F10702F17F5202F5001248BF59
:10C6200043F00043184602EB075157E79646BEE732
:10C63000F3F794FDD4E9008902460B46404649468B
:10C64000F4F7B4F920B1A81C08BF01360235DFE7C2
:10C650006B1C23F00105DBE70000F07F18020020CF
:10C6600010020020000000002DE9F74F21F00046E5
:10C67000B6F1795F80468946CDE9002304D2F4F70C
:10C68000D3F9002800F0868042464B464046494692
:10C69000F3F71AFF00224E4B04460D46F3F714FF42
:10C6A0003FA3D3E9002382468B4620462946F3F771
:10C6B0000BFF3DA3D3E90023F3F750FD22462B46A1
:10C6C000F3F702FF3AA3D3E90023F3F745FD22462F
:10C6D0002B46F3F7F9FE38A3D3E90023F3F73EFD29
:10C6E00022462B46F3F7F0FE35A3D3E90023F3F7F8
:10C6F00033FD22462B46F3F7E7FE33A3D3E90023AD
:10C70000F3F72CFD22462B46F3F7DEFE22462B469E
:10C71000F3F7DAFEDDE9002304460D4640464946BC
:10C72000F3F7D2FE0B46024629462046F3F714FDE6
:10C73000284B80469E4289460ED802460B465046FC
:10C740005946F3F709FD024600200B462249F3F74C
:10C7500003FD03B0BDE8F08F0024204B22469E422B
:10C760008CBF1F4DA6F500152B4600201A49F3F784
:10C77000F3FC224606460F462B4650465946F3F731
:10C78000EBFC42464B46F3F7E7FC02460B463046CD
:10C790003946DCE700201049DBE700BFAFF300803B
:10C7A000D43888BEE9FAA8BDC4B1B4BD9EEE213E1E
:10C7B000AD529C804F7E923E9015CB19A001FA3E5F
:10C7C0007751C1166CC1563F4C5555555555A53F2F
:10C7D0000000E03F3233D33F0000F03F0000E93F6C
:10C7E0000000D23F000000002DE9F04F1F4621F06D
:10C7F0000043B3F1795F04460D46164685B003D277
:10C80000F4F712F9002851D022462B46204629463B
:10C81000F3F75AFE82468B4602460B4620462946CF
:10C82000F3F752FE3EA3D3E90023804689465046E3
:10C830005946F3F749FE3CA3D3E90023F3F78CFCF8
:10C8400052465B46F3F740FE39A3D3E90023F3F7E2
:10C8500085FC52465B46F3F737FE37A3D3E9002346
:10C86000F3F77AFC52465B46F3F72EFE34A3D3E986
:10C870000023F3F773FC0E9BCDE90001DBB9024600
:10C880000B4650465946F3F71FFE2FA3D3E900236A
:10C89000F3F762FC42464B46F3F716FE02460B46A0
:10C8A00020462946F3F75AFC04460D462046294601
:10C8B00005B0BDE8F08F002230463946244BF3F72F
:10C8C00003FEDDE90023CDE9020140464946F3F7C6
:10C8D000FBFD02460B46DDE90201F3F73DFC524643
:10C8E0005B46F3F7F1FD32463B46F3F735FC16A302
:10C8F000D3E9002306460F4640464946F3F7E4FDD8
:10C9000002460B4630463946F3F728FC02460B46F2
:10C9100020462946F3F720FCC6E700BFAFF30080AE
:10C920007CD5CF5A3AD9E53DEB9C2B8AE6E55A3EB9
:10C930007DFEB157E31DC73ED561C119A0012A3F55
:10C94000A6F810111111813F495555555555C53F50
:10C950000000E03F000000002DE9F84FB24C21F04C
:10C960000043A34206460F4615D903F1404303F5A1
:10C970008013034306D1002940F3028200200021E6
:10C98000BDE8F88F02460B46F3F7E6FB02460B467E
:10C99000F3F7C4FEF4E7A54CA34200F28380A44A57
:10C9A000934240F2F18102460B46F3F78DFD84A3DA
:10C9B000D3E9002304460D46F3F786FD82A3D3E9AD
:10C9C0000023F3F7CBFB22462B46F3F77DFD80A334
:10C9D000D3E90023F3F7C0FB22462B46F3F774FD9F
:10C9E0007DA3D3E90023F3F7B9FB22462B46F3F7E7
:10C9F0006BFD7BA3D3E90023F3F7AEFB22462B4666
:10CA0000F3F762FD78A3D3E90023F3F7A7FB2246EF
:10CA10002B46F3F759FD76A3D3E9002380468946D8
:10CA200020462946F3F750FD73A3D3E90023F3F71B
:10CA300093FB22462B46F3F747FD71A3D3E900236E
:10CA4000F3F78CFB22462B46F3F73EFD6EA3D3E9AA
:10CA50000023F3F781FB22462B46F3F735FD002236
:10CA6000744BF3F77BFB02460B4640464946F3F70F
:10CA700055FE32463B46F3F727FD02460B4664A1BE
:10CA8000D1E90001F3F768FB02460B463046394610
:10CA9000F3F762FB02460B465FA1D1E90001F3F711
:10CAA0005BFB6DE7002980F2C9800022614BF3F740
:10CAB00055FB0022604BF3F707FD41A3D3E90023A8
:10CAC00004460D46F3F700FD3FA3D3E90023F3F737
:10CAD00045FB22462B46F3F7F7FC3DA3D3E90023A1
:10CAE000F3F73AFB22462B46F3F7EEFC3AA3D3E9E1
:10CAF0000023F3F733FB22462B46F3F7E5FC38A37C
:10CB0000D3E90023F3F728FB22462B46F3F7DCFC9E
:10CB100035A3D3E90023F3F721FB22462B46F3F795
:10CB2000D3FC33A3D3E9002306460F46204629460B
:10CB3000F3F7CAFC30A3D3E90023F3F70DFB224639
:10CB40002B46F3F7C1FC2EA3D3E90023F3F706FB32
:10CB500022462B46F3F7B8FC2BA3D3E90023F3F7C7
:10CB6000FBFA22462B46F3F7AFFC0022314BF3F7DA
:10CB7000F5FA8046894620462946FFF79DFC044683
:10CB80000D4642464B4630463946F3F7C7FD22462E
:10CB90002B46F3F799FC1EA3D3E90023F3F7DCFA45
:10CBA00022462B46F3F7DAFA02460B46F3F7D6FA9B
:10CBB00002460B461AA1D1E9000170E7AFF30080ED
:10CBC00009F7FD0DE13D023F88B20175E0EF493FF5
:10CBD0003B8F68B52882A43F5544880E55C1C93F94
:10CBE0007D6FEB0312D6D43F555555555555C53F6E
:10CBF00082922EB1C5B8B33F59018D1B6C06E63F3A
:10CC0000C88A599CE52A00404B2D8A1C273A0340CC
:10CC1000075C143326A6913C182D4454FB21F93FA0
:10CC2000182D4454FB210940FFFFEF3FFFFFDF3F7A
:10CC30000000603C0000F03F0000E03F02460B4671
:10CC400000206B49F3F788FA00226A4BF3F73CFCAB
:10CC500004460D46FFF730FC4DA3D3E90023894677
:10CC6000804629462046F3F72FFC4BA3D3E9002347
:10CC7000F3F774FA22462B46F3F726FC48A3D3E9D0
:10CC80000023F3F769FA22462B46F3F71DFC46A36F
:10CC9000D3E90023F3F762FA22462B46F3F714FC9C
:10CCA00043A3D3E90023F3F757FA22462B46F3F7C1
:10CCB0000BFC41A3D3E90023F3F750FA22462B469D
:10CCC000F3F702FC3EA3D3E9002382468B462046BD
:10CCD0002946F3F7F9FB3CA3D3E90023F3F73CFA29
:10CCE00022462B46F3F7F0FB39A3D3E90023F3F7F1
:10CCF00035FA22462B46F3F7E7FB37A3D3E90023A7
:10CD0000F3F72AFA22462B46F3F7DEFB0022384BD4
:10CD1000F3F724FA02460B4650465946F3F7FEFC59
:10CD200042464B46F3F7D0FB002682468B463246FE
:10CD30004B4630464946F3F7C7FB02460B462046B2
:10CD40002946F3F709FA324604460D464B4640465B
:10CD50004946F3F703FA02460B4620462946F3F705
:10CD6000DDFC02460B4650465946F3F7F7F93246CA
:10CD70004B46F3F7F3F902460B46F3F7EFF9FFE5FD
:10CD800017A1D1E90001FBE517A1D1E90001F7E501
:10CD900009F7FD0DE13D023F88B20175E0EF493F23
:10CDA0003B8F68B52882A43F5544880E55C1C93FC2
:10CDB0007D6FEB0312D6D43F555555555555C53F9C
:10CDC00082922EB1C5B8B33F59018D1B6C06E63F68
:10CDD000C88A599CE52A00404B2D8A1C273A0340FB
:10CDE000182D4454FB210940182D4454FB21F93FD0
:10CDF0000000F03F0000E03F2DE9F04FC44B21F070
:10CE000000488DB0984506460F461446049107D851
:10CE1000C2E9006700230022C4E90223002526E0BE
:10CE2000BC4B984576D8049BBB4D002BAAA3D3E9F5
:10CE3000002338DDF3F790F9A84506460F461AD0CF
:10CE4000A7A3D3E90023F3F787F902460B468046F0
:10CE5000894630463946F3F77FF9A1A3D3E9002389
:10CE6000F3F77AF90125C4E90089C4E902012846EB
:10CE70000DB0BDE8F08F9CA3D3E90023F3F76CF964
:10CE80009BA3D3E9002306460F46F3F765F9024654
:10CE90000B468046894630463946F3F75DF994A340
:10CEA000D3E90023DCE7F3F759F9A84506460F4616
:10CEB00018D08BA3D3E90023F3F750F902460B46B1
:10CEC0008046894630463946F3F746F984A3D3E9CC
:10CED0000023F3F743F94FF0FF35C4E90089C4E9B3
:10CEE0000201C4E780A3D3E90023F3F737F980A355
:10CEF000D3E9002306460F46F3F730F902460B4606
:10CF00008046894630463946F3F726F978A3D3E9B7
:10CF10000023DEE7814B984500F2CF80FFF77CFAD3
:10CF200075A3D3E9002306460F46F3F7CDFA002296
:10CF30007B4BF3F713F9F3F777FD0546F3F75AFA4E
:10CF400002460B46CDE9022363A3D3E90023F3F79E
:10CF5000BBFA02460B4630463946F3F7FDF860A3AC
:10CF6000D3E9002382468B46DDE90201F3F7ACFAF0
:10CF70001F2D06460F460CDC6A4B6A1E53F8223002
:10CF8000434506D032463B4650465946F3F7E4F84F
:10CF90000EE03B46324650465946F3F7DDF84FEA7D
:10CFA00028530593C1F30A53C3EB1853102B02DC2B
:10CFB000C4E9000139E04CA3D3E90023DDE9020113
:10CFC000F3F782FA06460F4602460B46504659468C
:10CFD000F3F7C2F802460B4680468946504659464A
:10CFE000F3F7BAF832463B46F3F7B6F840A3D3E975
:10CFF000002306460F46DDE90201F3F765FA3246E3
:10D000003B46F3F7A9F802460B4606460F46404654
:10D010004946F3F7A1F8059AC1F30A53D31A312B05
:10D0200020DCC246CB46C4E90001D4E90089504661
:10D0300042464B465946F3F78FF83B463246F3F7E4
:10D040008BF8049BC4E90201002BBFF610AF09F175
:10D050000043636001F10043C4F80080A060E36016
:10D060006D4204E726A3D3E90023DDE90201F3F7CB
:10D070002BFA06460F4602460B4640464946F3F752
:10D080006BF802460B4682468B4640464946F3F70C
:10D0900063F832463B46F3F75FF81BA3D3E900235E
:10D0A00006460F46DDE90201F3F70EFA32463B462B
:10D0B000F3F752F806460F4664E71B4B984535D9FF
:10D0C00002460B46F3F748F8C4E90201C4E900013F
:10D0D000A4E600BFAFF3008000004054FB21F93FFD
:10D0E0003163621A61B4D03D0000601A61B4D03D72
:10D0F0007370032E8A19A33B83C8C96D305FE43F68
:10D100000000002E8A19A33BC14920259A837B3950
:10D11000FB21E93F7BD90240FB21F93FFB2139414B
:10D120000000E03F14DB0008FFFFEF7F4FEA2855C7
:10D13000A5F21645A8EB05510F46F3F775FCF3F77A
:10D1400059F902460B4630463946CDE90623F3F736
:10D1500003F80022214BF3F7B7F90F460646F3F721
:10D1600063FCF3F747F902460B4630463946CDE9F2
:10D170000823F2F7F1FF0022184BF3F7A5F94FF05F
:10D18000030800260027CDE90A010DF130093246D7
:10D1900079E902013B46C24608F1FF38F3F7FCFB90
:10D1A0000028F4D10E4B2A46019302232146009316
:10D1B00006A8534600F016F8049B0546002BBFF660
:10D1C00056AED4E9002101F10043C4E90023D4E9BB
:10D1D000022101F10043C4E9022341E7000070414C
:10D1E00094DB00082DE9F04FADF5197D089304910B
:10D1F000B64BA29912F1140F53F82130A8BFD41ED8
:10D200000293089BB8BF002403F1FF330693A4BF29
:10D21000182394FBF3F46FF0170304FB033303EBC1
:10D22000020A069A029BA71A03EB0208A39B002599
:10D2300003EB870900220023099020AE454514DD49
:10D240004FF00008089A20AB03EBC2050DF5E07B18
:10D25000029B984535DC099B0022A3F108090023B5
:10D260002F460026CDE900231FE0EF420BD459F8EA
:10D270002500CDE90023F3F7BDF8DDE90023E6E85A
:10D2800002010135DAE710461946F8E7D7E900232D
:10D29000F9E90201F3F718F902460B46DDE900014E
:10D2A000F2F75CFFCDE900010136069B083F9E4284
:10D2B000ECDDDDE9002308F10108EBE80223083585
:10D2C000C6E7029B0CAA02EB83030B93A39BDDF83A
:10D2D00008B003EB84030A9398AB03EBCB0353E949
:10D2E000284570AB03EBCB030CAE9846B1465F46C6
:10D2F0000793002FA8F1080871DC52462046294602
:10D3000000F096FA00224FF07F5304460D46F3F7E3
:10D31000DBF800F005FB00226D4BF3F7D5F8024671
:10D320000B4620462946F2F717FF0D460446F3F751
:10D330007BFB0590F3F75EF802460B462046294634
:10D34000F2F70AFFBAF1000F804689466DDD0BF156
:10D35000FF310CAB53F82130059CCAF1180043FA99
:10D3600000F2144482409B1A0CAA42F82130CAF100
:10D370001702059413410093009B002B64DD0022EB
:10D380006FF07F411446059B01330593934500F3ED
:10D39000AB80BAF1000F07DDBAF1010F00F0B280E7
:10D3A000BAF1020F00F0B980009B022B4CD142462B
:10D3B0004B4600204749F2F7CFFE80468946002CB5
:10D3C00042D052460020434900F032FA02460B4652
:10D3D00040464946F2F7C0FE8046894634E00022C6
:10D3E0003D4B20462946F3F76FF8F3F71DFBF3F7A3
:10D3F00001F802460B46CDE900230022374BF3F734
:10D4000063F802460B4620462946F2F7A5FEF3F7DD
:10D410000BFBD8E9002349F8040BDDE90001F2F722
:10D420009DFE013F04460D4663E706D10BF1FF3335
:10D430000CAA52F82330DB159DE70022284BF3F7A6
:10D44000C9FA00283FD100900022002340464946F7
:10D45000F3F7A2FA002800F0AF8000220BF1FF33AF
:10D4600002998B4261DA002A76D00BF1FF3B0CABBC
:10D4700053F82B30AAF1180A002BF6D052460020A0
:10D48000144900F0D5F95D4606460F464FF00009F5
:10D4900070ABDFF844A04FEACB0403EBCB08002DC0
:10D4A00080F2C0805D46002DC0F2F0800D4B4FF041
:10D4B0000009069370AB4FF0000A002703EBC50884
:10D4C000ABEB0506D6E00223009358E7E0DC00084A
:10D4D000000020400000F03F0000703E000070415E
:10D4E0000000E03FA0DC000856F8043B44B923B13B
:10D4F000C3F1807346F8043C01231C46013245E722
:10D50000CB1AF7E70BF1FF320CAB53F82230C3F321
:10D5100016030CA941F8223046E70BF1FF320CABA1
:10D5200053F82230C3F31503F3E70CA951F8231085
:10D53000013B0A4394E7013453F8042D002AFAD042
:10D54000089B20AA5B440BF1010802EBC3055C4475
:10D55000444504DAA346BFE601240B9BECE70A9B93
:10D56000AB4653F82800F2F745FF4FF000090026BC
:10D570000027099BC5E90001083B0093069B9945DC
:10D5800007DD079B08F10108E3E902670835079307
:10D59000DEE7009909F10109F1E9022300917BE836
:10D5A0000201F2F791FF02460B4630463946F2F788
:10D5B000D5FD06460F46E1E7CAF10002404649465E
:10D5C00000F036F90022974B04460D46F3F702FAB5
:10D5D00000B30022944B20462946F2F775FFF3F77B
:10D5E00023FA0646F2F706FF00228E4BF2F76CFF95
:10D5F0000B46024629462046F2F7AEFDF3F714FA31
:10D600000CAB43F82B000BF1010B0AF1180A43F89D
:10D610002B6033E720462946F3F706FA0CAB43F8B4
:10D620002B002BE70CAB53F82500F2F7E3FE324654
:10D630003B46F2F749FF4A4668E802015346304646
:10D640003946F2F741FF013D06460F4627E7DDF870
:10D6500018C0F8E80223FCE80201CDF818C0F2F780
:10D6600033FF02460B4648465146F2F777FD8146A6
:10D670008A460137029B9F4201DCBE42E7DA48AB93
:10D6800003EBC606C6E9009A013D0CE7A29B022BFC
:10D6900009DC002B2CDC4ED0059B03F007000DF5B8
:10D6A000197DBDE8F08FA29B032BF5D148AB1C443C
:10D6B0002546DA46BAF1000F63DC2546DA46BAF1B0
:10D6C000010F7BDC00200021BBF1010F00F39380F0
:10D6D000DDE94878DDE94A56009B002B40F0928056
:10D6E000049BC3E90078C3E90256C3E90401D3E708
:10D6F0005D460020002148AB1C44002D32DA009B1F
:10D70000002B35D0024601F10043049C0125C4E9F9
:10D71000002302460B46DDE94801F2F71DFD48AC47
:10D72000AB4528DA009B13B101F100431946049B75
:10D73000C3E90201B0E70020002148AB1C44BBF163
:10D74000000F08DA009B13B101F100431946049B56
:10D75000C3E90001A0E774E80223F2F7FFFC0BF134
:10D76000FF3BECE774E80223F2F7F8FC013DC4E765
:10D7700002460B46C9E7F4E90223F2F7EFFC013554
:10D78000CEE7D5E9002355E9028940464946CDE96F
:10D790000223F2F7E3FC02460B4606460F464046DC
:10D7A0004946F2F7D9FCDDE90223F2F7D7FC65E838
:10D7B00002010AF1FF3AC5E900677BE7D5E90023DA
:10D7C00055E9028940464946CDE90223F2F7C6FCF5
:10D7D00002460B4606460F4640464946F2F7BCFC59
:10D7E000DDE90223F2F7BAFC65E802010AF1FF3A2B
:10D7F000C5E9006763E774E80223F2F7AFFC0BF1B9
:10D80000FF3B61E7049B049A08F100441F605C60E1
:10D810009D6006F10043D36001F100431061536144
:10D820003AE700BF000070410000703E00000000B9
:10D830002DE9F0481646C1F30A5283468C460B4642
:10D8400082B921F00043034339D02F4B0022F2F775
:10D850003BFE2E4B83469E428C460DDA26A3D3E92F
:10D8600000231BE040F2FF77BA4209D10246F2F7EB
:10D8700075FC83468C4622E00B46C1F30A52363AC9
:10D880004CF250318E420CDD1DA3D3E900231C461F
:10D890004FEADC7161F3DF7421461D48F2F714FE94
:10D8A000E7E740F2FE7132448A42EDDC002A0ADDED
:10D8B00023F0FF4323F4E00343EA0255AC46584605
:10D8C0006146BDE8F08812F1350F09DA0CF000432B
:10D8D00043F0D27141F4B7310E4841F01F01BDE76A
:10D8E00023F0FF43363223F4E00343EA025558465F
:10D8F00029460022084BD1E759F3F8C21F6EA50153
:10D900009C7500883CE4377E00005043B03CFFFF2C
:10D910009C75008859F3F8C20000903C000000009C
:10D920002DE9F041C1F30A57A7F2FF36132E024644
:10D930000B460C460546804635DC002E17DA34A32C
:10D94000D3E90023F2F70AFC00220023F3F74CF896
:10D9500050B1002C57DA24F000442C430025AC428F
:10D960002D4C08BF4FF0004423462A4624E02B4F9D
:10D97000374101EA070C5CEA000C1DD024A3D3E96F
:10D980000023F2F7EBFB00220023F3F72DF8002829
:10D99000EAD0002CBEBF4FF480133341E4180025B9
:10D9A00024EA0704E0E7332E0ADDB6F5806F03D1E1
:10D9B000F2F7D4FB02460B4610461946BDE8F0814B
:10D9C0004FF0FF3CA7F213472CFA07F70742F3D0BA
:10D9D0000FA3D3E90023F2F7C1FB00220023F3F7E2
:10D9E00003F80028C0D0002C0ADA142E01D101342B
:10D9F00006E00123C6F13406B3401D444545F6D385
:10DA000025EA0705B0E700252C46ADE7AFF3008017
:10DA10009C7500883CE4377E0000F0BFFFFF0F00DC
:10DA2000F8B500BFF8BC08BC9E467047F8B500BF0B
:08DA3000F8BC08BC9E467047DB
:10DA38005350443D203000004F4B5F5F5F5F000054
:10DA48004552524C4D300000455252484D3000006E
:10DA58004552524C4D310000455252484D3100005C
:10DA68004552524C4D320000455252484D3200004A
:10DA78004F4B5F5F5F5F000045786F2D676C6F7677
:10DA880065202843796265724D6564293A204861AA
:10DA9800726477617265207665723A20362E30009E
:10DAA80053544D3332205669727475616C20436F3C
:10DAB8006D506F727400000053544D6963726F6546
:10DAC8006C656374726F6E6963730000434443202E
:10DAD800436F6E666967000043444320496E74656E
:10DAE800726661636500000000000000000000002D
:10DAF80001020304060708090203040506070809CA
:10DB08000A0B0C0D0E0F101001020000FB21F93F4B
:10DB1800FB2109407CD91240FB2119407A6A1F4039
:10DB28007CD92240BBFD2540FB2129403A462C40A8
:10DB38007A6A2F405C4731407CD932409C6B344034
:10DB4800BBFD3540DB8F3740FB2139401BB43A40E1
:10DB58003A463C405AD83D407A6A3F404C7E404065
:10DB68005C4741406C1042407CD942408CA2434003
:10DB78009C6B4440AC344540BBFD4540CBC6464059
:10DB8800DB8F4740EB584840FB21494083F9A2000E
:10DB9800444E6E00FC291500D1572700DD34F500EE
:10DBA80062DBC0003C999500419043006351FE0040
:10DBB800BBDEAB00B761C5003A6E2400D24D42000F
:10DBC8004906E00009EA2E001C92D100EB1DFE0078
:10DBD80029B11C00E83EA700F535820044BB2E00A1
:10DBE8009CE98400B4267000417E5F00D69139001C
:10DBF800538339009CF439008B5F840028F9BD00F9
:10DC0800F81F3B00DEFF97000F980500112FEF006B
:10DC18000A5A8B006D1F6D00CF7E360009CB270096
:10DC2800464FB7009E663F002DEA5F00BA27750091
:10DC3800E5EBC7003D7BF100F739070092528A00F7
:10DC4800FB6BEA001FB15F00085D8D0030035600D2
:10DC58007BFC4600F0AB6B0020BCCF0036F49A008A
:10DC6800E3A91D005E619100081BE6008599650027
:10DC7800A0145F008D40680080D8FF0027734D0016
:10DC880006063100CA561500C9A873007BE2600079
:10DC98006B8CC0000000000000000040FB21F93F31
:10DCA800000000002D44743E000000809846F83CB7
:10DCB8000000006051CC783B00000080831BF039E5
:10DCC8000000004020257A38000000802282E336D8
:10DCD800000000001DF36935020000000300000089
:08DCE80004000000060000002A
:04DCF00035010008F2
:04DCF4001101000812
:10DCF800DA0F494000002042000040410000344251
:10DD080000002842F1949542000020420000F041B2
:10DD18003D0A6D42000070420000C0410000F04121
:10DD280000000042AE47F7410000B0410000F0415A
:10DD38000024F40010000000010000000A060002A0
:10DD480000000040010000003B9D00082F9E0008D5
:10DD58009D9E000800000000DFA00008E39F000867
:10DD680089A000080000000000000000000000007A
:10DD78004DA100082DA100086DA100088DA1000883
:10DD880009024300020100C0320904000001020236
:10DD980001000524001001052401000104240202E9
:10DDA8000524060001070582030800100904010084
:10DDB800020A0000000705010200020007058102AF
:10DDC8000002000009024300020100C032090400F9
:10DDD80000010202010005240010010524010001D0
:10DDE8000424020205240600010705820308001026
:10DDF80009040100020A00000007050102400000B2
:10DE0800070581024000000009074300020104C021
:10DE18003209040000010202010005240010010576
:10DE280024010001042402020524060001070582DA
:10DE38000308001009040100020A00000007050198
:10DE480002400000070581024000000071B400088C
:10DE580099B40008A9B4000865B5000821BB0008FA
:10DE680045BB0008A5BB000869BB0008CDBB00087E
:10DE7800F1BB00082DBC000812010002020200409C
:10DE8800830440570002010203010000040309044F
:10DE98001A0300000000000000000000000000005D
:10DEA800000000000000000000000000C001002089
:10DEB80000000000A017002008180020701800209B
:10DEC800000000000000000000000000000000004A
:10DED800000000000000000000000000000000003A
:10DEE800000000000000000000000000000000002A
:10DEF800000000000000000000000000000000001A
:10DF080059F3F8C21F6EA501000000000000F03FA1
:0400000508003A5D58
:00000001FF
